Character Name,Role,Episodes,Notes / Warnings
Zane Lowell,Protagonist,1-150,House Lowell heir. Half a step into Nature Level (Ep 114). Verify Life Energy vs Life Force.
Perrin Lowell,Antagonist (family),"2, 14, 15, 18, 30","Zane's cousin, stole Aether Crystal"
Andrew Lowell,Antagonist (family),"10, 14, 15, 16",Zane's cousin
Nolan Lowell,Antagonist (family),"8, 18, 19, 20, 21",Zane's uncle
Owen Lowell,Antagonist (family),"13, 14, 15, 16",Zane's uncle
Isla Novak,Mentor,"39, 40, 50, 52, 54, 57, 87, 92, 97, 227–228+",Title: Master Novak / Master Isla. NOT 'Missus' or 'Princess'
Ethan Grant,Ally,"29, 34, 43, 59, 102–250","Misty Peak pledge. Zane's friend. Was called 'Rory' in Eps 102–208 (localization error, now corrected). House Moon heir (revealed Ep 177). From The Capital."
Elara Lowell,Supporting,"40, 88, 92",Zane's ally within House Lowell
Caleb Warrick,Antagonist,"89, 91, 93","House Warrick, Adrian's brother"
Adrian Warrick,Supporting,"88, 89, 91, 93, 95, 99","Full name: Adrian Warrick. House Warrick member, Caleb's brother"
Trevor Warrick,Supporting,91,Father of Adrian and Caleb
Julian Croft,Antagonist,"56, 58",NOT 'Ivan.' Lent the Indigo Blade to Tristan
Liam Shaw,Ally,"58, 59, 61, 65, 72, 74, 75, 77",NOT 'Declan Shaw' — same character. Delivered Eps 1–100 use 'Declan'; Eps 101+ use 'Liam.' Canonical: Liam.
Tristan,Antagonist,"56, 58",Used the Indigo Blade borrowed from Julian Croft
Evil Jace,Antagonist,"19, 20, 21, 22, 23, 24, 25","Rogue weaponsmith, creator of the Hellfire Blade"
Felix Sterling,Antagonist,"58, 59, 65, 72",Sterling family leader
Darren Fane,Antagonist,"3, 8, 12","Surname 'Fane' — connection to later House Fane (Chris, Joe) unclear"
Chris Fane,Antagonist,"41, 42, 43, 44, 45, 46",House Fane
Joe Fane,Antagonist,42,House Fane
Shane,Supporting,"63, 64, 67, 68, 71","Captain Shane, military leader in Razorwing campaign"
Graves,Antagonist,"65, 72, 73, 75, 76, 77, 83",The Diabolic Duo. NOT 'Twin Reapers'
Roman Stryker,Antagonist,"65, 72, 76, 77, 79, 83",The Diabolic Duo. NOT 'Twin Reapers'
Gavin,Supporting,"79, 87",Full title: General Gavin. Always use 'General' prefix
Randall,Supporting,"72, 74, 76, 78",Nature Level veteran soldier
Jon,Supporting,"72, 74",Veteran soldier
Samson Voss,Supporting,80,NOT 'Samson Zheng' — Zheng was unlocalized Chinese surname
Leo (Ep 34),Minor antagonist,"34, 40",Antagonist minion. DIFFERENT character from Leo Brandt
Leo Brandt,Ally,"64, 65, 66","Nature Level disciple, Zane's ally. DIFFERENT from Leo in Ep 34"
Rhys,Supporting,"53, 97, 102",Ally of Zane
Miles Sutton,Supporting,58
Parker Sutton,Supporting,100,Possible relation to Miles Sutton — unconfirmed
Corbin Blackwood,Supporting,"101, 102",Dustin Blackwood's older brother. House Blackwood.
Paige,Minor,101,One of Felix Sterling's entourage.
Ethan Grant,Supporting ally,"29, 34, 43, 59, 102–250",Misty Peak pledge. Zane's friend. Originally named 'Rory' in Eps 102–208 due to localization error — corrected to Ethan Grant. House Moon heir (revealed Ep 177). From The Capital.
Quentin,Minor supporting,111,Scout on Sky Forest mission.
Cliff,Supporting,"111, 118+","Varsity member, Misty Peak."
Henry,Supporting,112,"Top Outer Disciple, Misty Peak. Wields Azure Blade."
Casey,Minor,112,Pledge alongside Henry.
Ingrid,Supporting,"115, 122+, 201–208","Lennie's niece. House Blackwood. Was called 'Helen' in Eps 201–208 (localization error, now corrected)."
Dalton,Major supporting,117–128+,"Varsity swordsman, wields Twin Blades."
Preston Sterling,Antagonist,"118, 124",House Sterling.
Lennie,Supporting,121–131+,"Military doctor, Ingrid's uncle."
Helen,Supporting,124,"House Solomon heiress. NOTE: 'Helen' in Eps 201–208 was a localization error for INGRID, not this character."
Josef,Minor (dead),124,Killed by Zane. Military figure.
Yolande Shaw,Major supporting,129–145+,Powerful Magic Ward user. Rainbow Gown. Extremely literal personality.
Axel,Major supporting,131–140+,"Imperial army field commander, Silverspire. Wields hammers."
Hugh,Supporting,131+,"Soul Realm warrior, Silverspire. Nearly defeated by Zane."
Aldrich,Major antagonist,133–140+,Netherlord. One of the Four Dreadlords. Uses Sacred Flame.
Orion,Antagonist,136–138,Dreadlord (NOT Netherlord). One of Four Dreadlords. Titan's Pillar.
Walsh,Antagonist (dead),148–149,Great Houses fighter. Nature Level rank 6. Killed by Zane.
Leon,Antagonist,150,Great Houses fighter. Nature Level rank 8. House Pauling.
Saul,Supporting,157–165,Puppet guardian of the Elysian Keep. Has a human soul. Bound to the Keep for thousands of years.
Bob,Antagonist,183–188,"House Pauling. Peak Adept. Volatile temperament. Uses ice techniques (Icy Seal, Chillwater Drops). Defeated by Zane at Emberfin Lake."
Steward Carter,Supporting,183+,Emberfin Lake steward for the Skyreach Sect.
Wyatt,Supporting/Rival,190–191+,Misty Peak outer disciple. Initiate Adept. Common family background. Sees Zane as his benchmark.
Ralph,Minor,194,House Moon butler. Condescending toward Ethan's friends.
Yates Moon,Antagonist,195–200,"House Moon heir. Fourth-Grade Adept. Eagle Peak inner disciple. Ethan's cousin. James Moon's son. Entitled, aggressive. Uses Willow Spear and Willow Spear Art."
James Moon,Antagonist,197–199,Head of House Moon. Soul Realm master. Yates's father. Ethan's uncle. Stole Bloodstone Bracelet from Ethan's deceased father.
Brenda,Supporting,195–196,Yates's cousin. Maiden's Peak disciple. Helen's friend.
George Solomon,Supporting,206–208,"Solomon Clan. Master of needle and concealed weapons. Gray hair, young face. Uncle to Ingrid's circle."
Tyson,Supporting,205,Blackwood House bodyguard.
Dustin Blackwood,Supporting,204–208,House Blackwood. Close to Ingrid.
Sean,Supporting,208,Part of Ethan and Ingrid's social circle in Alba Imperia.
Zachary Anderson,Supporting,223–226,Acolyte in black. Identified via crystal ball at Arcane Aurora.
Desmond,Minor,226,Black-robed inner disciple. Trains on Seven-Star Platform level 8. Personal best: 73 waves.
Langdon,Opponent,235–236,Student from Azure Peak. Grade Nine Adept. Zane's first-round opponent in All Peaks Competition.
Eliot,Major supporting,233–250+,Misty Peak disciple. Diplomat. Uses spear. Zane's ally in All Peaks Competition.
Mack,Antagonist,235–249,"Inner disciple from Blackrock Peak. Mastery of magic arrays and battle formations. Major recurring opponent (10 episodes, 96 mentions)."
Benjamin,Minor opponent,235–236,"Big, imposing cultivator. Poison specialist (Creeping Blight Venom). Wields scarlet machete. Defeated by Jill."
Jill,Minor opponent,235–236,Slight but deceptively quick swordswoman. Wields Emerald Sword. Defeats Benjamin.
Lady Hawkins,Supporting,239,Master of Ninety-Foot Peak.
Finn Donovan,Opponent,240,From Skytop Peak. Wields the Cyan Blade.
York,Opponent,240,Of Sea Peak. Referee-announced opponent.
Nicholas,Minor opponent,247,Ranked seventy-second in Skyreach Sect Rankings.
Jeff,Minor opponent,247,Ranked ninety-ninth in Skyreach Sect Rankings.
Cecil Moreau,Opponent,249,Of the Soul Realm.
Master Robert,Supporting,246,Master skilled in array design. Created Array of Corporeal Brilliance for Blackrock Peak outer disciples.
Master Warren,Supporting,235+,Misty Peak master. Oversees competition logistics.
Sir Kenneth,Authority,235,Announces All Peaks Competition start.
Adrian (Ep 263),Antagonist,263+,Known as 'Adrian the Arrogant.' DIFFERENT character from Adrian Warrick.
Richard,Rival/Opponent,254-260+,"Top disciple of Blackrock Peak. Glyph Caster trained by Master Young. Wielded wolf-hair brush. Techniques: Array of Thirteen Kills, Hymn of Justice. Honest, principled, methodical."
Tracy,Rival/Supporting,252-272+,"One of the Sect's Chosen (personal disciple). Blue Phoenix bloodline. Uses Feather Pricks technique and Stiletto Hairpins. Fierce, volatile, fascinated by Zane."
Patrick,Rival/Supporting,252-280+,"Top-ranked active personal disciple (Sect's Chosen). Inner Peace philosophy. Golden orb Cosmos techniques. Gentle disposition, immense power."
Stanley,Minor opponent,261-262,Inner disciple. Wields Gold Flower Fan (Spirit Weapon). Golden Razornet technique. Defeated by Jacob.
Rocher,Supporting,251-282+,Skytop Peak top fighter. Consummation of Adept Realm. Aspires to travel the world.
Kim,Minor,"251, 253",Near Soul Realm level. Fighter in Thirty-Three Peaks.
Wynn,Supporting/Rival,258-284+,Skytop Peak elite. Heavy machete wielder. Reaper's Chop technique.
Shayna,Minor,"258, 261, 264",Top inner disciple from the Thirty-Three Peaks. Peak unspecified.
Johanson,Major antagonist,270-282+,"Saint Augustus's personal apprentice. Soul Realm assassin. Shadow Group specialist. Soul attacks, shadow clones, snake-shaped short sword."
Master Oliver,Supporting,269+,Adrian the Arrogant's master. Protective and strategic.
Bastian Kane,Supporting,271+,Misty Peak student. Poor competition record. Named at Ep 271 L67.
Jacob Wilson,Major supporting,253-300+,Personal disciple (Sect's Chosen). Zane's key ally. Introduced at Grade Two Adept. Progresses significantly through tournament.
Evan,Minor/Referenced,280+,Only fighter ranked above Patrick among Sect's Chosen. Reclusive.
Chase,Referenced,"201-250, 293+",Famous weaponsmith. Forged Zane's Streamer (Mystic Weapon). First named in Eps 201-250.
Adrian (Ep 263),Antagonist,263+,Known as 'Adrian the Arrogant.' DIFFERENT character from Adrian Warrick (Eps 88-99). Inner disciple. Defeated by Zane.
Finn Donovan,Major supporting,293-300+,Uses Blood-Corroding Sword (previously Cyan Blade in Ep 240). Weapon change may need editorial review.
Doug Drew,Antagonist (minor),339-341,Guest at Prince Ray's banquet. Recently broke through to Soul Realm (Ep 341). Created his own movement technique. Defeated by Zane easily.
Axel,Antagonist (minor),341-342,"One of Prince Ray's fighters. Large, intimidating figure with double-pupiled left eye that can detect vulnerabilities. No stated cultivation level."
Gale,Supporting,340,"Top-ranked Skyreach Sect disciple. Participated in All Peaks Competitions with distinction. Born into poverty, recruited by Third Prince. Defends Zane's honor."
Tristan,Supporting,326-329,Young House Lowell member. 'No real standing in the family.' Sides with Zane against Bryson.
The Blood Prisoner,Antagonist,328-333,"Soul Realm fugitive (confirmed Ep 333). Notorious criminal. Dark cultivation methods. Body is 'the color of blood, skinless, nothing but raw flesh' (Ep 332). Sustained by eating human flesh and drinking blood. Kept imprisoned by Bryson in Lowell Manor cellar."
Miles Lowell,Antagonist (minor),327-328,"House Lowell side branch. Perrin's brother. Sycophant who serves House Hawthorne's Darcy. Revealed as 'Miles Lowell' by Melvin (Ep 327, line 31)."
Chuck (Lord of House Hawthorne),Antagonist,336-337,"Lord of House Hawthorne, Darcy's father. 'Most powerful Lord' in Castermere County. Hands cut off by Zane in Ep 336. Forced to compensate House Lowell."
Uncle Kyle,Antagonist,345-346,Prince Ray's trusted follower and royal family elder. Short but muscular. Fights with a spear. Cultivation level not stated.
Connor (Seventh Prince),Antagonist,347-348,"Seventh Prince, Ray's chief rival for the throne. Wears purple hat, plays harp. Political schemer. Cultivation level not stated. Guards move with extreme speed."
Darcy Hawthorne,Antagonist (deceased),327-328,Young master of House Hawthorne. Fifth grade Adept. Killed by Zane at Lowell Manor.
Melvin,Supporting,327-328,House Lowell member. Used as a 'human punching bag' by Miles and Darcy. Old friend of Zane. Defiant despite abuse.
Ford Stone,Antagonist,335-337,Lord of House Stone. Personally killed Zane's father Milo Lowell. Second most powerful family in Castermere County.
Lily (sword spirit),Supporting,"301, 305, 346",Spirit residing in Zane's Streamer. Can manifest as a separate fighter. Used in sword dance technique.
Sir Kenneth,Supporting/Authority,"335, 348",Skyreach Sect authority. Allowed Elara to come home with Zane. Prevents Zane's soul from shattering in Ep 348. Concerned about Cloud Road Trial.
Eddy Warrick,Rival/Authority,354-358+,"Leader of the Crimson Sect (Grade Two, Heartlands). External steward for Cloud Hall, same rank as Sir Kenneth. Shares surname with Adrian Warrick (Eps 88-99) — relationship unconfirmed. Arrived with nine Soul Realm disciples."
Alistair Mahoney,Antagonist (minor),355-357,Number one disciple of the Crimson Sect. Nineteen years old. Wields the Dragon Sword (middle-grade Mystic Weapon). Mastered Accomplished Sword Intent. Winner of The Crimson Crucible. Defeated by Finn. NOTE: Spelled 'Alastair' once in Ep 357 — corrected.
Hoffman,Antagonist (minor),357,Number two disciple of the Crimson Sect. Nearly on Alistair's level. Restrained by Eddy from challenging Zane.
Toby Dillon,Antagonist/Authority,357-400,Cloud Hall elder. Senior authority over all sect stewards. Opens the Cloud Road gateway. Watches disciples via Scrying Slate. Grows envious/hostile toward Zane. Offers Nimbus Expanse Pill as political maneuver.
Lady Sigmund,Supporting/Authority,360-385,Leader of the Luminous Sect (Grade Two under Cloud Hall). Carries a cane. Sharp-tongued. Fiercely loyal to her disciples Lois and Frank. Clashes with Sir Kenneth.
Adler,Antagonist (minor),362-364,Top disciple of the Duskfall Sect. Placed third in The Crimson Crucible. Spear wielder. Condescending and aggressive. Hostile toward Zane throughout Sea of Raging Fire trials.
Lennon Anderson,Antagonist,367-397,"Strongest of Cloud Hall's new disciples. Leads a squad of twelve elite cultivators. Commands the Formation of the Twelve Signs and the Scythe of the River-Winds. Uses a Green Caltrop Pike. Sharp features, confident demeanor. Cultivation level not stated."
Lewis Bailey,Supporting/Rival,370-400,"Star pupil of the Providence Sect. Described as the most outstanding talent in a thousand years. Wears a black cloak. Uses Shadow Phantoms technique. Initially a rival to Zane, becomes an uneasy ally on the Death Road. Comedic cowardice in dangerous situations."
Frank,Antagonist/Rival,367-400,"Top disciple of Cloud Hall. Son of Emanuel Drew. Wields a white spear. Techniques: Sky-Breaking Thrust, Maelstrom Spear, Blood-Dragon Spear. Engaged to Lois. Proud, calculating. Achieves Apex of Spear Intent. Initially sees Zane as beneath him, later recognizes his power."
Lois,Supporting,375-389,"Luminous Sect disciple. Engaged to Frank (betrothal arranged by their masters three years ago). Tall, slender. Fights alongside Frank on the Death Road."
Randy,Minor (deceased),383-386,Disciple from the Duskfall Sect. Survived on the Death Road through Frank's protection. Had a keen eye for rare herbs (found Frost-Leaf Herb). Killed by a Nether Phantom in Ep 386.
Tia,Major supporting,390-400,"Cloud Hall disciple. Initially disguised as a male disciple. Revealed as a powerful, beautiful woman in Ep 390. Named by the Cobalt Dragon in Ep 391. Possesses a sky-blue gem that summons an Ice Phoenix. Seeking the Crystal Key to the Sixth-Grade Sect's treasures. Cultivation level stated as first grade Soul Realm, but power exceeds that assessment. Cunning, fierce, and transactional."
Emanuel Drew,Referenced (off-screen),385,Frank's father. Powerful figure. Lady Sigmund fears explaining Frank's danger to him. Does not appear on-screen.
Osmond,Referenced (off-screen),374,Sir Kenneth's best friend. An Elder with incredible vitality. Once had both hands cut off in battle and regrew them (due to Lifeblood of the Nine-Headed Dragon). Referenced in context of Ep 374.
Roger,Referenced (off-screen),399,Zane's friend. Progressed rapidly from Grade One to Grade Five Adept in a few months. Referenced as example of Great Houses' cultivation advantages.
Lady Darkmere,Antagonist,453-500,Leader of Bloodwood Cliff. Fourth-grade sect. Spirit-Tribulation Realm. Glamour specialist. Seductive technique ensnares opponents' will.
Raven,Antagonist,453-499,Leader of the Black Mountain Order. Fourth-grade sect. Male. Wears a black mask. Old man.
Dominic,Supporting,451-452,Cloud Hall Elite House top disciple. Peak of the Soul Realm. Longfist style. Recognizes Zane's potential.
Gareth,Minor antagonist,451-452,Mysterious Luna Hall warrior. Soul Realm. Blocked by Dominic at Dragon Soar Arena.
Mason,Minor antagonist,451-452,Bloodwood Cliff warrior. Peak Soul Realm. Defeated by Zane with one punch at Dragon Soar Arena.
Kieran,Supporting/Authority,455-500,"World Merchants' Guild Alliance Chief. Spirit-Tribulation Realm. Diplomatic, shrewd. Gentle features, heavyset."
Hobbes,Supporting/Authority,456-499,"World Merchants' Guild Alliance Chief. Spirit-Tribulation Realm. Hot-tempered. Sun-darkened, fierce appearance."
Burns,Supporting/Authority,497,"World Merchants' Guild Alliance Chief. Spirit-Tribulation Realm. Called ""The Silent Man."" Rosy complexion."
Michael Nash,Supporting/Authority,455-497,World Merchants' Guild branch leader in Cloudhaven/Oracle City. Evaluated Zane's rune work.
Maddox,Major Antagonist,457-500,Strongest cultivator in the Heartlands. Independent. Seeks to complete Soul Harvesting Ritual. Holds Elara captive.
Eden Caldwell,Antagonist/Rival,481-500,Maddox's son. Divine-level talent. Inner-Core Realm. Wind and Metal Laws. Wields the Nameless Saber (Relic-Class). Spirit broken by Zane.
Marilyn,Antagonist (target),458-500,"Associated with Maddox, taken under his wing (official disciple status unclear). Mid-stage Inner-Core Realm. Violet-Core Physique. Zane's sworn kill target."
Tia's Master,Supporting/Authority,457-458,Unnamed. Old woman with silver hair. True power behind Cloud Hall. Walked through Tia's barrier. Aware of Zane's potential.
Stoney,Minor antagonist,462-470,Pale-faced warrior. Recently broken into Core-Forged Realm. Known for holding grudges; slaughtered an entire Second-Grade sect. Uses Discipline of Vile Malice / Skull Ghost Hand.
Owen,Supporting/Rival,465-491,Independent fighter. Ultimate level Soul Realm. Found treasure hoard in Fleecy Downs. Wealthy. Competed in pre-qualifiers with Zane.
Elder Luna,Supporting,481-484,Head of the Mysterious Luna Hall. Fourth-grade sect. Nearly 976 years old. Jet-black hair despite extreme age.
Segar Sutton,Minor opponent,483-484,Mysterious Luna Hall disciple. Ordinary-looking. Uses black silk threads to dismember opponents. Won inaugural tournament match.
Dawson Jones,Minor opponent (deceased),483-484,Independent warrior. Known as the Divine Walker. Ventured into the Chaotic Ocean of Stars. Inner-Core Realm. Earth-aspected shield. Killed by Segar.
Brent,Rival,485-500,Ethereal Spirit Sect disciple. Youngest competitor (15). Saint-level talent. Peak Soul Realm. Grasped half of Spatial Law. Eager to challenge Zane.
Philip,Supporting,485-493,Senior disciple of the Ethereal Spirit Sect. Analytical. Assesses Zane's threat level.
Xander,Supporting,487,Holds authority over Ethereal Spirit Sect disciples. Enforces discipline and decorum. Analytical.
Alex Gresham,Minor opponent,484-486,Eldest son of a Third-Grade House in Oracle City. Heaven-level talent. Inner-Core Realm. Twin-Sword School. Defeated by Zane in one strike.
Alice Bishop,Minor,477-478,Innkeeper's daughter. Normal person (no cultivation). Witnessed Zane's Body Refining agony. Brought him tea.
Blake,Supporting,488-489,Cloud Hall disciple. Inner-Core Realm. Mastered Thunder Law. Defeated Edgar from Ethereal Spirit Sect.
Edgar,Minor opponent,488-489,Ethereal Spirit Sect disciple. Inner-Core Realm. Thunder Law. Lost to Blake.
Benson,Supporting,491-496,"Cloud Hall's strongest Inner-Core Realm disciple. Celestial-level talent. Water techniques (Water Tornado, Sea God invocation). Challenged Eden, forced to surrender."
Brody Booth,Minor antagonist,489-491,Bloodwood Cliff disciple. Fire Law (one-third mastery). Used Soul-Killing Poisoned Blood from Lady Darkmere. Defeated by Zane.
Quincy,Minor,487,Independent fighter. Early Soul Realm. Defeated Raven in tournament match.
