#,Episode,Para #,Category,Original Text,Corrected Text,What Changed,Reason
1.0,4.0,57.0,Weapon/Item Name,"Magical weapons in this world had five stages. The first was the Mysterious Weapon stage. After that came Soul Armament, then Legendary Weapon, Hallowed Weapon, and finally, the Sacred Weapon. Each stage was divided into top, middle, and lower grades, and any one of them was worth a fortune.","Magical weapons in this world had five stages. The first was the Mysterious Weapon stage. After that came Spirit Weapon, then Mystic Weapon, Sacred Arms, and finally, Divine Arms. Each stage was divided into top, middle, and lower grades, and any one of them was worth a fortune.","""Soul Armament,"" → ""Spirit Weapon,""; ""Legendary"" → ""Mystic""; ""Hallowed Weapon,"" → ""Sacred Arms,""; ""the Sacred Weapon."" → ""Divine Arms.""","Weapon tier: Reconciled to Ep 70 standard. ""Sacred Weapon"" → ""Divine Arms"" in the tier list. | Weapon tier: Reconciled to Ep 70 standard. ""Hallowed Weapon"" → ""Sacred Arms"" in the tier list. | Weapon tier: Reconciled to Ep 70 standard. ""Soul Armament"" → ""Spirit Weapon"" in the tier list."
2.0,8.0,14.0,Character Name,"""Grey Hawn! Darren Fane!"" Zane roared. ""Even my uncle, Bryson, wouldn't dare ask me to be his servant. You two are nothing but servants in House Lowell. Who the hell do you think you are, acting with such arrogance? I don't know where you get off thinking you could even suggest something so ridiculous.""","""Grey Hawn! Darren Fane!"" Zane roared. ""Even my uncle, Nolan, wouldn't dare ask me to be his servant. You two are nothing but servants in House Lowell. Who the hell do you think you are, acting with such arrogance? I don't know where you get off thinking you could even suggest something so ridiculous.""","""Bryson,"" → ""Nolan,""","Name correction: ""Bryson"" → ""Nolan."" Bryson was an early draft name for Zane's uncle; Nolan is the name used consistently in all other episodes."
3.0,25.0,18.0,Weapon/Item Name,"Inside, his heart was pounding against his ribs, his chest heaving as he fought to control his breathing. He'd only just reached the Core Strength Level, which let him withstand three thousand pounds of pressure. With the Dragon Scale on the Blue Dragon Carving tripling that, his power was off the charts.","Inside, his heart was pounding against his ribs, his chest heaving as he fought to control his breathing. He'd only just reached the Core Strength Level, which let him withstand three thousand pounds of pressure. With the Dragon Scale on the Cobalt Dragon Carving tripling that, his power was off the charts.","""Blue"" → ""Cobalt""","Item name: ""Blue Dragon Carving"" → ""Cobalt Dragon Carving"" to match the established name ""Cobalt Dragon"" used in Eps 24, 31, 51, 91."
4.0,25.0,52.0,Weapon/Item Name,"""Flame Sword!""","""Hellfire Blade!""","""""Flame Sword!"""" → """"Hellfire Blade!""""","Weapon name: ""Flame Sword"" → ""Hellfire Blade,"" Evil Jace's weapon's established name used 6 times in this same episode and across Eps 20–25, 31, 61."
5.0,25.0,56.0,Weapon/Item Name,"His Flame Sword—a weapon infused with his own Soul Fire—should have effortlessly cleaved through flesh and bone like warm butter. Instead, the blade had merely scratched the surface, creating nothing more than a shallow cut before his hand struck something impenetrable with a jarring thud.","His Hellfire Blade—a weapon infused with his own Soul Fire—should have effortlessly cleaved through flesh and bone like warm butter. Instead, the blade had merely scratched the surface, creating nothing more than a shallow cut before his hand struck something impenetrable with a jarring thud.","""Flame Sword—a"" → ""Hellfire Blade—a""","Weapon name: ""Flame Sword"" → ""Hellfire Blade,"" Evil Jace's weapon's established name used 6 times in this same episode and across Eps 20–25, 31, 61."
6.0,27.0,15.0,Currency/Typo,Adjacent to the ores gleamed a collection of semi-transparent Power Crystals—sometimes referred to as Crystal Cubes by merchants and traders.,Adjacent to the ores gleamed a collection of semi-transparent Crystal Cubes—sometimes referred to as Crystal Cubes by merchants and traders.,"""Power Crystals—sometimes"" → ""Crystal Cubes—sometimes""","Currency name: ""Power Crystals"" → ""Crystal Cubes,"" the standard currency name used across Eps 32–100. Ep 27 itself says they are ""sometimes referred to as Crystal Cubes."" | Typo fix: ""Crystals Cubes"" → ""Crystal Cubes."""
7.0,27.0,16.0,Currency/Typo,"Zane recalled from his extensive studies that while ordinary citizens traded in gold and silver coins, these precious metals held no value among the elite fighters and cultivators. Power Crystals represented the true currency of the powerful, each one storing pure Life Energy within its crystalline structure. These uniform, glittering cubes were particularly essential for masters at the Nature Level who required concentrated energy sources for their advanced techniques. Their standardized shape made them ideal for transport and exchange throughout the Empire.","Zane recalled from his extensive studies that while ordinary citizens traded in gold and silver coins, these precious metals held no value among the elite fighters and cultivators. Crystal Cubes represented the true currency of the powerful, each one storing pure Life Energy within its crystalline structure. These uniform, glittering cubes were particularly essential for masters at the Nature Level who required concentrated energy sources for their advanced techniques. Their standardized shape made them ideal for transport and exchange throughout the Empire.","""Power Crystals"" → ""Crystal Cubes""","Currency name: ""Power Crystals"" → ""Crystal Cubes,"" the standard currency name used across Eps 32–100. Ep 27 itself says they are ""sometimes referred to as Crystal Cubes."" | Typo fix: ""Crystals Cubes"" → ""Crystal Cubes."""
8.0,28.0,43.0,Terminology,"""This line,"" he clarified with practiced patience tinged with weariness, ""serves Legacy Family applicants exclusively."" His eyes flicked up briefly to assess Zane's weathered appearance.","""This line,"" he clarified with practiced patience tinged with weariness, ""serves Legacy House applicants exclusively."" His eyes flicked up briefly to assess Zane's weathered appearance.","""Family"" → ""House""","Terminology: ""Legacy Family"" → ""Legacy House"" to match the dominant usage throughout the series."
9.0,28.0,45.0,Terminology,"""So that's why it's so short,"" Zane thought. It was exclusively for the children of Legacy Families—a special class granted by the emperor himself.","""So that's why it's so short,"" Zane thought. It was exclusively for the children of Legacy Houses—a special class granted by the emperor himself.","""Families—a"" → ""Houses—a""","Terminology: ""Legacy Family"" → ""Legacy House"" to match the dominant usage throughout the series."
10.0,29.0,10.0,Terminology,"The young man's face brightened with enthusiasm. ""The Skyreach Sect stands unrivaled—their crafting instructors are simply unmatched anywhere in the world. Everyone dreams of studying there,"" he explained, gesturing animatedly with his hands. ""Given the overwhelming number of applicants, they've established a multi-tiered selection process. Unless you bear the privilege of Legacy Family status, you must first conquer the Entrance Exam before even attempting the Academy Trials.""","The young man's face brightened with enthusiasm. ""The Skyreach Sect stands unrivaled—their crafting instructors are simply unmatched anywhere in the world. Everyone dreams of studying there,"" he explained, gesturing animatedly with his hands. ""Given the overwhelming number of applicants, they've established a multi-tiered selection process. Unless you bear the privilege of Legacy House status, you must first conquer the Entrance Exam before even attempting the Academy Trials.""","""Family"" → ""House""","Terminology: ""Legacy Family"" → ""Legacy House"" to match the dominant usage throughout the series."
11.0,32.0,42.0,Currency/Typo,"""No, no, you've misunderstood,"" Ethan clarified hastily, shaking his head as disappointment flickered across his features. ""The ""rental fee"" is two Crystals Cubes. I must return the bracelet after completing the exam. Ownership of such items remains well beyond my means.""","""No, no, you've misunderstood,"" Ethan clarified hastily, shaking his head as disappointment flickered across his features. ""The ""rental fee"" is two Crystal Cubes. I must return the bracelet after completing the exam. Ownership of such items remains well beyond my means.""","""Crystals"" → ""Crystal""","Typo fix: ""Crystals Cubes"" → ""Crystal Cubes."""
12.0,42.0,10.0,Terminology,"The success rate for commoners paled in comparison to that of Great House students—a stark disparity that reflected the Empire's entrenched social hierarchy. While barely two hundred commoners would emerge victorious from the thousand who entered The Gauntlet, an overwhelming one hundred and seventy scions of Legacy Families would pass from their initial two hundred participants.","The success rate for commoners paled in comparison to that of Great House students—a stark disparity that reflected the Empire's entrenched social hierarchy. While barely two hundred commoners would emerge victorious from the thousand who entered The Gauntlet, an overwhelming one hundred and seventy scions of Legacy Houses would pass from their initial two hundred participants.","""Families"" → ""Houses""","Terminology: ""Legacy Families"" → ""Legacy Houses"" to match the dominant usage throughout the series."
13.0,46.0,56.0,Terminology,"In fact, many questioned the point of the fifth layer and its beast at all. Since it was impossible for any disciple to defeat, it seemed like a pointless extravagance. The energy required by the Runic Array System to manifest such a creature was immense—a colossal waste of resources that could have been used elsewhere.","In fact, many questioned the point of the fifth layer and its beast at all. Since it was impossible for any disciple to defeat, it seemed like a pointless extravagance. The energy required by the Magic Circle System to manifest such a creature was immense—a colossal waste of resources that could have been used elsewhere.","""Runic Array"" → ""Magic Circle""","Terminology: ""Runic Array"" → ""Magic Circle,"" the standard term used throughout the series."
14.0,49.0,52.0,Cultivation Term,"""Your knife bears a fracture,"" she explained. ""And controlling it with your Life Force remains impossible until you ascend to Nature Level—explaining why it never returns to your hand. Consider these a welcoming tribute to your future at Misty Peak. Take them.""","""Your knife bears a fracture,"" she explained. ""And controlling it with your Life Energy remains impossible until you ascend to Nature Level—explaining why it never returns to your hand. Consider these a welcoming tribute to your future at Misty Peak. Take them.""","""Force"" → ""Energy""","Cultivation term: ""Life Force"" → ""Life Energy."" Characters below Nature Level use Life Energy; ""Life Force"" is reserved for Nature Level and above."
15.0,58.0,19.0,Weapon/Item Name,"Seeing Tristan's humiliating defeat and the state he was in, Julian Croft's face twisted with fury. He felt he had to do something. He shot his right hand out, pointing, and roared at Ethan Grant in a sharp, commanding voice, ""Return the Purple-Blue Sword!""","Seeing Tristan's humiliating defeat and the state he was in, Julian Croft's face twisted with fury. He felt he had to do something. He shot his right hand out, pointing, and roared at Ethan Grant in a sharp, commanding voice, ""Return the Indigo Blade!""","""Purple-Blue Sword!"""" → ""Indigo Blade!""""","Weapon name: ""Purple-Blue Sword"" → ""Indigo Blade,"" the weapon's established name (Eps 56, 61)."
16.0,58.0,39.0,Character Name,"Before the disciple could interject, Miles Sutton, still pinned beneath Zane's intimidating presence, shrieked in desperation, ""Liam, enough with these pointless games! Help me eliminate him! Slaughter Zane, and my master will shower you with rewards beyond imagination!""","Before the disciple could interject, Miles Sutton, still pinned beneath Zane's intimidating presence, shrieked in desperation, ""Declan, enough with these pointless games! Help me eliminate him! Slaughter Zane, and my master will shower you with rewards beyond imagination!""","""""Liam,"" → """"Declan,""","Name unification: ""Liam"" → ""Declan."" Liam Shaw and Declan Shaw are the same character (both connected to Felix Sterling and Misty Peak). Standardized to ""Declan,"" the name used at his first full identification."
17.0,58.0,40.0,Character Name,"Liam, who held the prestigious fifteenth rank among Misty Peak pledges, assessed the situation with calculating eyes. Though merely an High-tier candidate, his abilities far surpassed Tristan's. His humble origins had always barred him from the inner circles of Great House scions, yet he'd meticulously cultivated connections with several minor Sterling branches over the years.","Declan, who held the prestigious fifteenth rank among Misty Peak pledges, assessed the situation with calculating eyes. Though merely an High-tier candidate, his abilities far surpassed Tristan's. His humble origins had always barred him from the inner circles of Great House scions, yet he'd meticulously cultivated connections with several minor Sterling branches over the years.","""Liam,"" → ""Declan,""","Name unification: ""Liam"" → ""Declan."" Liam Shaw and Declan Shaw are the same character (both connected to Felix Sterling and Misty Peak). Standardized to ""Declan,"" the name used at his first full identification."
18.0,58.0,42.0,Character Name,"Stepping forward now for Miles represented more than a simple intervention—it was a calculated gambit for advancement. If he navigated this confrontation skillfully, Liam could secure direct access to Felix himself, a prize worth any risk. His fingers twitched subtly toward the hilt of his blade as the crowd fell silent, sensing the shift in atmosphere.","Stepping forward now for Miles represented more than a simple intervention—it was a calculated gambit for advancement. If he navigated this confrontation skillfully, Declan could secure direct access to Felix himself, a prize worth any risk. His fingers twitched subtly toward the hilt of his blade as the crowd fell silent, sensing the shift in atmosphere.","""Liam"" → ""Declan""","Name unification: ""Liam"" → ""Declan."" Liam Shaw and Declan Shaw are the same character (both connected to Felix Sterling and Misty Peak). Standardized to ""Declan,"" the name used at his first full identification."
19.0,58.0,43.0,Character Name,"""Perhaps,"" Liam said, taking another step forward, his voice carrying across the suddenly hushed hall, ""it's time someone taught our new celebrity the true meaning of Misty Peak's hierarchy.""","""Perhaps,"" Declan said, taking another step forward, his voice carrying across the suddenly hushed hall, ""it's time someone taught our new celebrity the true meaning of Misty Peak's hierarchy.""","""Liam"" → ""Declan""","Name unification: ""Liam"" → ""Declan."" Liam Shaw and Declan Shaw are the same character (both connected to Felix Sterling and Misty Peak). Standardized to ""Declan,"" the name used at his first full identification."
20.0,60.0,12.0,Character Title,"Stepping into the room, he answered, ""Hello, Missus Novak. I'm here to pick up some assignments.""","Stepping into the room, he answered, ""Hello, Master Novak. I'm here to pick up some assignments.""","""Missus"" → ""Master""","Title consistency: ""Missus Novak"" → ""Master Novak"" to match her established martial authority title used throughout the series."
21.0,60.0,31.0,Character Title,"Zane calculated swiftly in his mind, seeing an opportunity where others might perceive only danger. ""Missus Novak,"" he declared, his voice unwavering with newfound determination, ""I wish to undertake the insect invasion assignment.""","Zane calculated swiftly in his mind, seeing an opportunity where others might perceive only danger. ""Master Novak,"" he declared, his voice unwavering with newfound determination, ""I wish to undertake the insect invasion assignment.""","""""Missus"" → """"Master""","Title consistency: ""Missus Novak"" → ""Master Novak"" to match her established martial authority title used throughout the series."
22.0,61.0,4.0,Character Name,"Later that night, Zane pulled out Ivan's Indigo Blade to get a better look. It was a thing of beauty, masterfully crafted.","Later that night, Zane pulled out Julian's Indigo Blade to get a better look. It was a thing of beauty, masterfully crafted.","""Ivan's"" → ""Julian's""","Name correction: ""Ivan"" → ""Julian."" The character is Julian Croft (Eps 56, 58); ""Ivan"" was a translation error."
23.0,61.0,5.0,Character Name,"The scabbard was inlaid with vibrant gems and fine gold thread. It was so well-preserved, Zane could tell Ivan had cherished it.","The scabbard was inlaid with vibrant gems and fine gold thread. It was so well-preserved, Zane could tell Julian had cherished it.","""Ivan"" → ""Julian""","Name correction: ""Ivan"" → ""Julian."" The character is Julian Croft (Eps 56, 58); ""Ivan"" was a translation error."
24.0,61.0,10.0,Character Name,"Ivan had sent his friends to plead for its return, but Zane had flat-out refused. To get stronger, he needed to offer the sword to the Cobalt Dragon.","Julian had sent his friends to plead for its return, but Zane had flat-out refused. To get stronger, he needed to offer the sword to the Cobalt Dragon.","""Ivan"" → ""Julian""","Name correction: ""Ivan"" → ""Julian."" The character is Julian Croft (Eps 56, 58); ""Ivan"" was a translation error."
25.0,61.0,19.0,Character Title,"The Skyreach Sect had Armored Sky-carriers, and the bluesky parking ground was their port. The Sky-carriers were fast enough to reach The Sunbelt in a single day.","The Skyreach Sect had Skycruisers, and the bluesky parking ground was their port. The Skycruisers were fast enough to reach The Sunbelt in a single day.","""Armored Sky-carriers,"" → ""Skycruisers,""; ""Sky-carriers"" → ""Skycruisers""","Vehicle name: ""Armored Sky-carriers"" → ""Skycruisers,"" the established name used in the title of Ep 62. | Vehicle name: ""Armored Sky-carrier"" → ""Skycruiser,"" the established name used in the title of Ep 62."
26.0,61.0,50.0,Character Title,"Above them, descending through parting clouds, loomed the colossal silhouette of an Armored Sky-carrier—its battle-scarred hull gleaming ominously in the sunlight.","Above them, descending through parting clouds, loomed the colossal silhouette of an Skycruiser—its battle-scarred hull gleaming ominously in the sunlight.","""Armored Sky-carrier—its"" → ""Skycruiser—its""","Vehicle name: ""Armored Sky-carrier"" → ""Skycruiser,"" the established name used in the title of Ep 62."
27.0,64.0,23.0,Character Title,"Zane recognized one of them—the guy with the chestnut ponytail who'd saved him back on the Armored Sky-carrier. Their eyes met briefly, a flash of mutual recognition passing between them like a current.","Zane recognized one of them—the guy with the chestnut ponytail who'd saved him back on the Skycruiser. Their eyes met briefly, a flash of mutual recognition passing between them like a current.","""Armored Sky-carrier."" → ""Skycruiser.""","Vehicle name: ""Armored Sky-carrier"" → ""Skycruiser,"" the established name used in the title of Ep 62."
28.0,67.0,6.0,Cultivation Term,"The world teemed with lethal creatures, each region boasting its own deadly predators. In the scorching deserts, scorpions lurked with stings capable of ending a life in mere moments. Throughout dense forests, Whisperwing Drones unleashed toxic powder that devastated vast stretches of land, leaving nothing but decay in their wake. Yet Nature Level warriors typically dismissed such threats with casual confidence. Their Life Force created an impenetrable barrier, rendering them virtually immune to conventional poisons.","The world teemed with lethal creatures, each region boasting its own deadly predators. In the scorching deserts, scorpions lurked with stings capable of ending a life in mere moments. Throughout dense forests, Whisperwing Drones unleashed toxic powder that devastated vast stretches of land, leaving nothing but decay in their wake. Yet Nature Level warriors typically dismissed such threats with casual confidence. Their Life Energy created an impenetrable barrier, rendering them virtually immune to conventional poisons.","""Force"" → ""Energy""","Cultivation term: ""Life Force"" → ""Life Energy."" Characters below Nature Level use Life Energy; ""Life Force"" is reserved for Nature Level and above."
29.0,69.0,54.0,Continuity,"The Queen brandished her massive, crimson blades, clacking them together in a sharp, threatening rhythm.","The Queen brandished her remaining crimson blade, scraping it against her armored thorax in a sharp, threatening rhythm.","""massive,"" → ""remaining""; ""blades, clacking them together"" → ""blade, scraping it against her armored thorax""","Continuity fix: Changed ""blades"" (plural) to ""remaining crimson blade"" (singular). The Queen lost a forelimb in Ep 68; this line incorrectly showed both limbs intact."
30.0,72.0,22.0,Character Name,"""We should be toasting you, Randall!"" Liam Shaw laughed. ""None of this would've gone so smoothly without you!"" He raised his glass and downed it in one go.","""We should be toasting you, Randall!"" Declan Shaw laughed. ""None of this would've gone so smoothly without you!"" He raised his glass and downed it in one go.","""Liam"" → ""Declan""","Name unification: ""Liam"" → ""Declan."" Liam Shaw and Declan Shaw are the same character (both connected to Felix Sterling and Misty Peak). Standardized to ""Declan,"" the name used at his first full identification."
31.0,72.0,28.0,Character Name,"Liam Shaw nodded in agreement. ""Zane's tough, I'll give him that, but no one survives the Queen. We just have to wait a few more days, then we can report back to Elias Pierce that the job is done.""","Declan Shaw nodded in agreement. ""Zane's tough, I'll give him that, but no one survives the Queen. We just have to wait a few more days, then we can report back to Elias Pierce that the job is done.""","""Liam"" → ""Declan""","Name unification: ""Liam"" → ""Declan."" Liam Shaw and Declan Shaw are the same character (both connected to Felix Sterling and Misty Peak). Standardized to ""Declan,"" the name used at his first full identification."
32.0,72.0,35.0,Character Name,"Then Liam Shaw glanced up from his cup, and the color drained from his face. His jaw went slack.","Then Declan Shaw glanced up from his cup, and the color drained from his face. His jaw went slack.","""Liam"" → ""Declan""","Name unification: ""Liam"" → ""Declan."" Liam Shaw and Declan Shaw are the same character (both connected to Felix Sterling and Misty Peak). Standardized to ""Declan,"" the name used at his first full identification."
33.0,72.0,37.0,Character Name,"Liam's cry snapped the others to attention. Randall, Graves, and Roman Stryker, none of whom had ever seen Zane's face, all whipped around to stare. The sight of him standing there, very much alive, left them just as stunned as Liam.","Declan's cry snapped the others to attention. Randall, Graves, and Roman Stryker, none of whom had ever seen Zane's face, all whipped around to stare. The sight of him standing there, very much alive, left them just as stunned as Declan.","""Liam's"" → ""Declan's""; ""Liam."" → ""Declan.""","Name unification: ""Liam"" → ""Declan."" Liam Shaw and Declan Shaw are the same character (both connected to Felix Sterling and Misty Peak). Standardized to ""Declan,"" the name used at his first full identification."
34.0,74.0,10.0,Character Name,"Seeing that things had settled down, Jon led the group out of the yard. Randall stayed right where he was, fuming, and glanced at Liam Shaw, who had also hung back.","Seeing that things had settled down, Jon led the group out of the yard. Randall stayed right where he was, fuming, and glanced at Declan Shaw, who had also hung back.","""Liam"" → ""Declan""","Name unification: ""Liam"" → ""Declan."" Liam Shaw and Declan Shaw are the same character (both connected to Felix Sterling and Misty Peak). Standardized to ""Declan,"" the name used at his first full identification."
35.0,74.0,13.0,Character Name,"His fuse was short, and every part of him just wanted to beat Liam Shaw to a pulp. But Liam was here on behalf of Felix Sterling, so Randall couldn't afford to push it. He'd already angered Leo from House Brandt; if he couldn't lock down an alliance with House Sterling, he'd be in an even deeper hole.","His fuse was short, and every part of him just wanted to beat Declan Shaw to a pulp. But Declan was here on behalf of Felix Sterling, so Randall couldn't afford to push it. He'd already angered Leo from House Brandt; if he couldn't lock down an alliance with House Sterling, he'd be in an even deeper hole.","""Liam"" → ""Declan""; ""Liam"" → ""Declan""","Name unification: ""Liam"" → ""Declan."" Liam Shaw and Declan Shaw are the same character (both connected to Felix Sterling and Misty Peak). Standardized to ""Declan,"" the name used at his first full identification."
36.0,74.0,14.0,Character Name,"""It's, uh, it's because..."" Liam stammered, at a complete loss for words.","""It's, uh, it's because..."" Declan stammered, at a complete loss for words.","""Liam"" → ""Declan""","Name unification: ""Liam"" → ""Declan."" Liam Shaw and Declan Shaw are the same character (both connected to Felix Sterling and Misty Peak). Standardized to ""Declan,"" the name used at his first full identification."
37.0,75.0,12.0,Character Title,"After saying their goodbyes, Leo and Max boarded the Armored Sky-carrier and headed back toward the Skyreach Sect.","After saying their goodbyes, Leo and Max boarded the Skycruiser and headed back toward the Skyreach Sect.","""Armored Sky-carrier"" → ""Skycruiser""","Vehicle name: ""Armored Sky-carrier"" → ""Skycruiser,"" the established name used in the title of Ep 62."
38.0,75.0,39.0,Character Name,"A moment later, three men emerged from the jungle, with Liam from Misty Peak in the lead. Behind him stood two others, one dark-skinned, one fair-skinned. Zane recognized them from the yard back at the military camp; he'd been impressed with their weapon skills even then.","A moment later, three men emerged from the jungle, with Declan from Misty Peak in the lead. Behind him stood two others, one dark-skinned, one fair-skinned. Zane recognized them from the yard back at the military camp; he'd been impressed with their weapon skills even then.","""Liam"" → ""Declan""","Name unification: ""Liam"" → ""Declan."" Liam Shaw and Declan Shaw are the same character (both connected to Felix Sterling and Misty Peak). Standardized to ""Declan,"" the name used at his first full identification."
39.0,78.0,17.0,Cultivation Term,"Quick-witted as ever, Randall devised a counter. With a wave of his hands, he summoned five sharp Ice Spikes. They glittered in the air, trailing streaks of light as he poured his Life Energy into them.","Quick-witted as ever, Randall devised a counter. With a wave of his hands, he summoned five sharp Ice Spikes. They glittered in the air, trailing streaks of light as he poured his Life Force into them.","""Energy"" → ""Force""","Cultivation term: ""Life Energy"" → ""Life Force."" Randall has reached Nature Level, so the correct term for his power is ""Life Force."""
40.0,79.0,5.0,Character Title,"On the hillside stood Gavin, a commanding figure with a rugged face etched by years of battle and eyes that reflected both wisdom and unyielding authority.","On the hillside stood General Gavin, a commanding figure with a rugged face etched by years of battle and eyes that reflected both wisdom and unyielding authority.","Added: ""General""","Title addition: Added ""General"" before Gavin's name at first appearance to match his established rank in Ep 87."
41.0,80.0,17.0,Character Name,"Rhys said, ""Eagle Peak has already won three straight matches. They've beaten three of Misty Peak's pledges: Otto, who's ranked sixteenth; Samson Zheng, ranked thirteenth; and Truman, ranked ninth. So now, it's Dustin's turn.""","Rhys said, ""Eagle Peak has already won three straight matches. They've beaten three of Misty Peak's pledges: Otto, who's ranked sixteenth; Samson Voss, ranked thirteenth; and Truman, ranked ninth. So now, it's Dustin's turn.""","""Zheng,"" → ""Voss,""","Name localization: ""Samson Zheng"" → ""Samson Voss."" Zheng was an unlocalized Chinese surname; all other characters use Western names."
42.0,81.0,26.0,Weapon/Item Name,"In that split second, the Dragonscale Shards in his mind flared with green light, surging a colossal wave of energy through his body. All of it—that power, and his own—channeled into a single, devastating strike.","In that split second, the Dragon Scale Shards in his mind flared with green light, surging a colossal wave of energy through his body. All of it—that power, and his own—channeled into a single, devastating strike.","""Dragonscale"" → ""Dragon Scale""","Item name: ""Dragonscale Shards"" → ""Dragon Scale Shards"" — standardized to the two-word form used elsewhere."
43.0,82.0,11.0,Weapon/Item Name,"An incredible power erupted from the Dragonscale Shards, flowing into Zane's own energy as he threw the punch.","An incredible power erupted from the Dragon Scale Shards, flowing into Zane's own energy as he threw the punch.","""Dragonscale"" → ""Dragon Scale""","Item name: ""Dragonscale Shards"" → ""Dragon Scale Shards"" — standardized to the two-word form used elsewhere."
44.0,84.0,37.0,Weapon/Item Name,"Meanwhile, Zane, having weathered the metallic storm, closed the distance and threw a punch. His fist was a blur of stone-hard force, slamming forward with immense power—the raw strength he'd unlocked after awakening the Dragonscale Shards. Each punch came like a relentless wave, one after another.","Meanwhile, Zane, having weathered the metallic storm, closed the distance and threw a punch. His fist was a blur of stone-hard force, slamming forward with immense power—the raw strength he'd unlocked after awakening the Dragon Scale Shards. Each punch came like a relentless wave, one after another.","""Dragonscale"" → ""Dragon Scale""","Item name: ""Dragonscale Shards"" → ""Dragon Scale Shards"" — standardized to the two-word form used elsewhere."
45.0,85.0,29.0,Character Title,"He knew how terrifying Nature Spirits were, but this fight had been even harder than facing The Twin Reapers at Dragon's Keep. He'd taken them out with the Shattered Dagger, all strategy and precision, before they even had a chance to draw their weapons.","He knew how terrifying Nature Spirits were, but this fight had been even harder than facing the Diabolic Duo at Dragon's Keep. He'd taken them out with the Shattered Dagger, all strategy and precision, before they even had a chance to draw their weapons.","""The Twin Reapers"" → ""the Diabolic Duo""","Name consistency: ""Twin Reapers"" → ""Diabolic Duo,"" the established name for Graves & Stryker (Ep 77 title: ""The Diabolic Duo Falls"")."
46.0,87.0,10.0,Character Title,"The moment they saw the slightest flicker of irritation in her eyes, they'd instantly back down, swallowing their words to avoid a fight. Missus Novak was as beautiful as she was terrifying, with a Brimstone Dragon for a temper that woke up the second someone got on her nerves.","The moment they saw the slightest flicker of irritation in her eyes, they'd instantly back down, swallowing their words to avoid a fight. Master Novak was as beautiful as she was terrifying, with a Brimstone Dragon for a temper that woke up the second someone got on her nerves.","""Missus"" → ""Master""","Title consistency: ""Missus Novak"" → ""Master Novak"" to match her established martial authority title used throughout the series."
47.0,88.0,39.0,Character Name,"When Adrian returned from Infernal Peak, two anxious figures awaited his arrival.","When Adrian Warrick returned from Infernal Peak, two anxious figures awaited his arrival.","Added: ""Warrick""","Surname addition: Added ""Warrick"" to Adrian's name at introduction, since he is clearly a member of House Warrick (confirmed Eps 89, 91, 93) but was never given his surname."
48.0,92.0,30.0,Character Title,"""Her? Princess Isla Novak?"" Elara's face was a mask of doubt. ""Why would Isla Novak come to save my brother?""","""Her? Master Isla Novak?"" Elara's face was a mask of doubt. ""Why would Isla Novak come to save my brother?""","""Princess"" → ""Master""","Title consistency: ""Princess Isla Novak"" → ""Master Isla Novak"" to match her established martial authority title."
49.0,93.0,28.0,Terminology,"This threat emanating from the princess carried genuine weight—not merely the empty posturing of a privileged royal accustomed to getting her way. Though House Warrick maintained its prestigious status as a Legacy Family, commanding vast wealth and widespread respect throughout the empire, their influence paled against imperial decree. Adrian recognized the grim calculus: their generations of accumulated power and prestige could vanish in an instant over what might be deemed a trivial dispute.","This threat emanating from the princess carried genuine weight—not merely the empty posturing of a privileged royal accustomed to getting her way. Though House Warrick maintained its prestigious status as a Legacy House, commanding vast wealth and widespread respect throughout the empire, their influence paled against imperial decree. Adrian recognized the grim calculus: their generations of accumulated power and prestige could vanish in an instant over what might be deemed a trivial dispute.","""Family,"" → ""House,""","Terminology: ""Legacy Family"" → ""Legacy House"" to match the dominant usage throughout the series."
50.0,96.0,8.0,Weapon/Item Name,"Each received a small collection of Grade-two Energy Potions—crystalline capsules that gleamed with a subtle azure luminescence. These valuable elixirs were specifically formulated to accelerate the body's absorption of Life Energy, making them invaluable supplements for rigorous cultivation sessions. Though commonplace within the sect's hallowed grounds, these potions commanded respectable prices in outside markets, a fact not lost on the three young men as they carefully secured their acquisitions.","Each received a small collection of Grade-two Energy Capsules—crystalline capsules that gleamed with a subtle azure luminescence. These valuable elixirs were specifically formulated to accelerate the body's absorption of Life Energy, making them invaluable supplements for rigorous cultivation sessions. Though commonplace within the sect's hallowed grounds, these capsules commanded respectable prices in outside markets, a fact not lost on the three young men as they carefully secured their acquisitions.","""Potions—crystalline"" → ""Capsules—crystalline""; ""potions"" → ""capsules""","Item name: ""potions"" → ""capsules"" to match the established term ""Energy Capsules."""
51.0,96.0,11.0,Weapon/Item Name,"Zane remained silent, mentally calculating how these potions might accelerate his ambitious training schedule. Every resource brought him one step closer to his ultimate goal of saving Elara.","Zane remained silent, mentally calculating how these capsules might accelerate his ambitious training schedule. Every resource brought him one step closer to his ultimate goal of saving Elara.","""potions"" → ""capsules""","Item name: ""potions"" → ""capsules"" to match the established term ""Energy Capsules."""
52.0,96.0,13.0,Weapon/Item Name,"Just as they were stashing the potions away, they spotted someone heading down the mountain path toward them. He was a big dude but surprisingly light on his feet. There was only one person like that on Misty Peak: Dustin Blackwood. He'd been laid up after a nasty fight in the battle ring a few days ago.","Just as they were stashing the capsules away, they spotted someone heading down the mountain path toward them. He was a big dude but surprisingly light on his feet. There was only one person like that on Misty Peak: Dustin Blackwood. He'd been laid up after a nasty fight in the battle ring a few days ago.","""potions"" → ""capsules""","Item name: ""potions"" → ""capsules"" to match the established term ""Energy Capsules."""
53.0,96.0,19.0,Weapon/Item Name,"""What's the rush? It's not like they're gonna run out of potions,"" Rhys asked, curious. ""Got somewhere to be?""","""What's the rush? It's not like they're gonna run out of capsules,"" Rhys asked, curious. ""Got somewhere to be?""","""potions,"""" → ""capsules,""""","Item name: ""potions"" → ""capsules"" to match the established term ""Energy Capsules."""
54.0,96.0,26.0,Terminology,"House Blackwood was a legend in The Empire. The family wasn't known for producing powerful warriors, nor were they even a Legacy Family. Instead, they wielded a different kind of power, one that put them on nearly equal footing with The Seven Ruling Families.","House Blackwood was a legend in The Empire. The family wasn't known for producing powerful warriors, nor were they even a Legacy House. Instead, they wielded a different kind of power, one that put them on nearly equal footing with The Seven Ruling Families.","""Family."" → ""House.""","Terminology: ""Legacy Family"" → ""Legacy House"" to match the dominant usage throughout the series."
55.0,98.0,14.0,Terminology,"The Empire boasted three Master Weaponsmiths, yet none commanded the reverence and admiration that Barrett had inspired during his lifetime. His legendary ""Principles of Forging"" represented the pinnacle of weaponsmithing knowledge—a treasure trove containing every intricate technique he had perfected throughout his illustrious career. Zane observed the hungry expressions around him, understanding immediately why the atmosphere had shifted. Every Legacy Family harbored the ambitious dream of claiming a Master Weaponsmith for their lineage, a dream that typically remained unfulfilled despite vast fortunes and influence.","The Empire boasted three Master Weaponsmiths, yet none commanded the reverence and admiration that Barrett had inspired during his lifetime. His legendary ""Principles of Forging"" represented the pinnacle of weaponsmithing knowledge—a treasure trove containing every intricate technique he had perfected throughout his illustrious career. Zane observed the hungry expressions around him, understanding immediately why the atmosphere had shifted. Every Legacy House harbored the ambitious dream of claiming a Master Weaponsmith for their lineage, a dream that typically remained unfulfilled despite vast fortunes and influence.","""Family"" → ""House""","Terminology: ""Legacy Family"" → ""Legacy House"" to match the dominant usage throughout the series."
56.0,108.0,,Cultivation Term,Zane hadn’t even drawn on his Life Force.,Zane hadn’t even drawn on his Life Energy.,"""Life Force"" → ""Life Energy""",Zane below Nature Level. Ep 109 correctly uses 'Life Energy.'
57.0,108.0,,Weapon/Item Name,A single Dragonscale Shard granted its user incredible power,A single Dragon Scale Shard granted its user incredible power,"""Dragonscale"" → ""Dragon Scale""",'Dragon Scale' is two words per series convention.
58.0,110.0,,Terminology,an enormous Armored Skycruiser descended,an enormous Skycruiser descended,"""Armored Skycruiser"" → ""Skycruiser""",Standard term is 'Skycruiser.'
59.0,114.0,,Terminology,got off the Armored Skycruiser,got off the Skycruiser,"""Armored Skycruiser"" → ""Skycruiser""",Same as Ep 110.
60.0,119.0,,Weapon/Item Name,the Copper Dragonscale embedded in his mind,the Copper Dragon Scale embedded in his mind,"""Copper Dragonscale"" → ""Copper Dragon Scale""",'Dragon Scale' two words.
61.0,119.0,,Weapon/Item Name,the Dragonscale’s power would run out,the Dragon Scale’s power would run out,"""Dragonscale’s"" → ""Dragon Scale’s""",Same two-word correction.
62.0,122.0,,Terminology,"Coming from a Legacy Family, Ingrid was sharp.","Coming from a Legacy House, Ingrid was sharp.","""Legacy Family"" → ""Legacy House""",'Legacy House' per QC Guide.
63.0,126.0,,Terminology,The Legacy Families rarely came to blows.,The Legacy Houses rarely came to blows.,"""Legacy Families"" → ""Legacy Houses""",Plural: 'Legacy Houses.'
64.0,127.0,,Terminology,a Soul Realm refiner’s full-force strike,a Soul Realm cultivator’s full-force strike,"""refiner"" → ""cultivator""",Standardized to 'cultivator.'
65.0,128.0,,Cultivation Term,he channeled his own Life Energy,he channeled his own Life Force,"""Life Energy"" → ""Life Force""",Soul Realm general uses Life Force.
66.0,136.0,,Terminology,This veteran refiner,This veteran cultivator,"""refiner"" → ""cultivator""",Standardized to 'cultivator.'
67.0,137.0,,Terminology,the human refiners would be critically weakened,the human cultivators would be critically weakened,"""refiners"" → ""cultivators""",Standardized to 'cultivator.'
68.0,137.0,,Terminology,Axel and the other refiners,Axel and the other cultivators,"""refiners"" → ""cultivators""",Standardized to 'cultivator.'
69.0,146.0,,Terminology,no Armored Skycruiser coming for him,no Skycruiser coming for him,"""Armored Skycruiser"" → ""Skycruiser""","Same as Eps 110, 114."
70.0,101.0,,Character Intro,gave Corbin a slight bow,"gave Corbin Blackwood, Dustin's older brother, a slight bow",Added surname and relationship,Character intro: name-dropped with no context.
71.0,101.0,,Character Intro,"Paige, standing behind Felix","Paige, one of Felix's entourage standing behind him",Added role context,Character intro: no identifier.
72.0,102.0,,Character Intro,Rory and Rhys stood motionless,"Rory, a fellow pledge and one of Zane's friends at Misty Peak, stood motionless alongside Rhys",Added affiliation,"Character intro: new character, no context."
73.0,111.0,,Character Intro,Cliff's speed was impressive,"Cliff was a Varsity member—one of the few elite fighters Misty Peak had to offer, and his speed was impressive",Added Varsity rank,Character intro: named only in dialogue.
74.0,117.0,,Character Intro,the general fighting Dalton,the general fighting Dalton—a Varsity swordsman wielding Twin Blades,Added rank and weapon,"Character intro: major character, zero introduction."
75.0,124.0,,Character Intro,Helen stood a short distance away,"Helen, a young woman from House Solomon, stood a short distance away",Added House Solomon,Character intro: no affiliation.
76.0,129.0,,Character Intro,Yolande waved a hand.,"Then a woman appeared. Yolande waved a hand,",Added lead-in,Character intro: acts before being named.
77.0,131.0,,Character Intro,Axel asked,"Axel, the imperial army's field commander, asked",Added military role,"Character intro: major character, no introduction."
78.0,131.0,,Character Intro,Hugh started to panic...a top warrior from,Hugh—one of the top warriors present—started to panic...a master from,"Added descriptor, clarified rank",Character intro: named after dialogue with no context.
79.0,133.0,,Character Intro,kill this one—Aldrich.,kill this one—a Netherlord named Aldrich.,Added Netherlord title,"Character intro: major antagonist, name only."
80.0,137.0,,Character Intro,Orion himself is a monster!,the Dreadlord Orion himself is a monster!,Added Dreadlord title,Character intro: no type identifier.
81.0,148.0,,Character Intro,Walsh's swirling black fog was a familiar tactic.,"Walsh—a fighter from one of the Great Houses—was using a swirling black fog, a familiar tactic.",Added Great Houses affiliation,Character intro: no context.
Ep 151–200 Batch
82.0,177–200,,Character Name,Rory,Ethan / Ethan Grant,'Rory' → 'Ethan' (83 instances across 9 episodes),Localization error: same character as Ethan Grant (Ep 1–100). Confirmed via cross-reference.
83.0,182,,Terminology,Spiritual Weapon,Spirit Weapon,'Spiritual Weapon' → 'Spirit Weapon',"Weapon tier: Tier 2 = Spirit Weapon, not 'Spiritual Weapon'."
84.0,193,,Terminology,Mythic Weapon,Mystic Weapon,'Mythic Weapon' → 'Mystic Weapon' (2 instances),"Weapon tier: Tier 3 = Mystic Weapon, not 'Mythic Weapon'."
85.0,181,,Typo,Murlock,Murloc,'Murlock' → 'Murloc',Consistent spelling.
86.0,200,,Formatting,[SFX: FAST MOTION (no bracket),[SFX: FAST MOTION],Added missing closing bracket,SFX tag format.
87.0,189,,Pronoun Error,He could never forget / His subsequent,She could never forget / Her subsequent,Viana he/his → she/her,Saint Viana is female per QC Reference.
88.0,187,,Continuity,(no Emerald Crystal origin),Added inline callback,Added origin reference for Emerald Crystal,No embedding scene existed for left-arm crystal.
89.0,167,,Terminology,Crystalline Cubes,Crystal Cubes,'Crystalline Cubes' → 'Crystal Cubes',Standard currency name.
90.0,185,,Typo,seeme dto,seemed to,'seeme dto' → 'seemed to',Typo correction.
91.0,194,,Typo,condesencion,condescension,'condesencion' → 'condescension',Spelling correction.
92.0,189,,Continuity,thirty-two peaks,Thirty-Three Peaks,'thirty-two peaks' → 'Thirty-Three Peaks',Sect has 33 peaks (Ep 188).
93.0,181,,Inconsistency,Senior Acolyte Roger,Senior Adept Roger,'Senior Acolyte' → 'Senior Adept',"Roger is Adept Realm (Ep 186), not Acolyte."
94.0,168–200,,Terminology,Aether (standalone),Vitality,"Standalone 'Aether' → 'Vitality' (28 lines, 9 eps)",'Aether Crystal' preserved. Standalone usage was not in reference.
95.0,170–200,,Terminology,Attunement Method,Cultivation Method,'Attunement Method' → 'Cultivation Method' (6 instances),Standardized to existing QC Reference terms.
96.0,198,,Terminology,jade / bloodjade,stone / Bloodstone,"'jade' → 'stone' (2), 'bloodjade' → 'Bloodstone' (1)",Translation artifact. Bloodstone is the correct material.
97.0,199,,Item Name,Willow Leaf Spear Art,Willow Spear Art,'Willow Leaf Spear Art' → 'Willow Spear Art',Standardized to match weapon name 'Willow Spear'.
98.0,157,,Character Intro,(Saul appears with no intro),Added intro paragraph,Added physical description and role,Puppet guardian had no introduction.
99.0,195,,Character Intro,(Yates appears in dialogue only),Added intro sentence,"Added name, rank, affiliation, relationship",Major antagonist had no context at first mention.
100.0,195,,Character Intro,(Brenda mentioned in passing),Added brief description,"Added Maiden's Peak disciple, Helen's friend",Character lacked context.
102.0,201.0,,Character Name,Rory,Ethan,"""Rory"" → ""Ethan"" (5 instances)","Localization error: Rory is draft name, Ethan Grant is canonical. Corrected per Ep 102+ standard."
103.0,203.0,,Character Name,Rory,Ethan,"""Rory"" → ""Ethan"" (5 instances)",Same as above.
104.0,204.0,,Character Name,Rory,Ethan,"""Rory"" → ""Ethan"" (2 instances)",Same as above.
105.0,206.0,,Character Name,Rory,Ethan,"""Rory"" → ""Ethan"" (9 instances)",Same as above.
106.0,207.0,,Character Name,Rory,Ethan,"""Rory"" → ""Ethan"" (5 instances)",Same as above.
107.0,208.0,,Character Name,Rory,Ethan,"""Rory"" → ""Ethan"" (8 instances)",Same as above.
108.0,201.0,,Character Name,Helen,Ingrid,"""Helen"" → ""Ingrid"" (2 instances)","Localization error: Helen is draft name, Ingrid is canonical per Ep 115+ standard."
109.0,202.0,,Character Name,Helen,Ingrid,"""Helen"" → ""Ingrid"" (2 instances)",Same as above.
110.0,203.0,,Character Name,Helen,Ingrid,"""Helen"" → ""Ingrid"" (6 instances)",Same as above.
111.0,204.0,,Character Name,Helen,Ingrid,"""Helen"" → ""Ingrid"" (5 instances)",Same as above.
112.0,206.0,,Character Name,Helen,Ingrid,"""Helen"" → ""Ingrid"" (3 instances)",Same as above.
113.0,207.0,,Character Name,Helen,Ingrid,"""Helen"" → ""Ingrid"" (13 instances)",Same as above.
114.0,208.0,,Character Name,Helen,Ingrid,"""Helen"" → ""Ingrid"" (9 instances)",Same as above.
115.0,201.0,86.0,Terminology,weren't even refiners,weren't even cultivators,"""refiners"" → ""cultivators""","Standardized per Ep 150 delivery. People context, not weapon-crafting."
116.0,201.0,151.0,Terminology,Most refiners could only,Most cultivators could only,"""refiners"" → ""cultivators""",Same as above.
117.0,228.0,9.0,Terminology,talented refiners from,talented cultivators from,"""refiners"" → ""cultivators""",Same as above.
118.0,228.0,45.0,Terminology,power refiners in the Soul Realm,power cultivators in the Soul Realm,"""refiners"" → ""cultivators""",Same as above.
119.0,228.0,51.0,Terminology,energy a refiner radiated,energy a cultivator radiated,"""refiner"" → ""cultivator""",Same as above.
120.0,228.0,110.0,Terminology,a refiner at Consummation,a cultivator at Consummation,"""refiner"" → ""cultivator""",Same as above.
121.0,213.0,106.0,Grammar,to a such a felt reckless,to someone so young felt reckless,Fixed broken/garbled sentence,Sentence was malformed — missing subject.
122.0,228.0,13.0,Grammar,lingered side her,lingered inside her,Fixed missing word,"Typo: ""side"" → ""inside""."
123.0,228.0,43.0,Content Error,projecting an Isla like that,projecting an aura like that,Character name used as common noun,"POV character is Isla; ""an Isla"" makes no sense. Should be ""an aura"" per surrounding context about intent/energy."
124.0,228.0,146.0,Grammar,but the had no idea,but they had no idea,Fixed missing letter,"Typo: ""the"" → ""they""."
125.0,239.0,1.0,Title,No Surre,No Surrender,Fixed truncated title,Title was cut off.
126.0,226.0,,Character Intro,,,Added Desmond introduction,"Black-robed inner disciple, personal best of 73 waves at Seven-Star Platform."
127.0,235.0,,Character Intro,,,Added Mack introduction,"Inner disciple from Blackrock Peak, mastery of magic arrays and battle formations."
128.0,235.0,,Character Intro,,,Added Benjamin & Jill introduction,"Benjamin: big, poison specialist. Jill: slight swordswoman, Emerald Sword."
129.0,246.0,,Character Intro,,,Added Master Robert introduction,"Master skilled in array design, created Array of Corporeal Brilliance for Blackrock Peak."
130.0,252.0,,Terminology,Aether,Vitality,'Aether' → 'Vitality',Standalone 'Aether' should be 'Vitality.' 86 instances across Eps 252-300. 'Aether Crystal' preserved.
131.0,264.0,,Terminology,Shadow Aether,Shadow Vitality,'Shadow Aether' → 'Shadow Vitality',"3 instances in Eps 264, 266, 296."
132.0,257.0,,Terminology,Primordial Aether,Primordial Vitality,'Primordial Aether' → 'Primordial Vitality',"4 instances in Eps 257, 264."
133.0,295.0,,Terminology,Primal Aether,Primal Vitality,'Primal Aether' → 'Primal Vitality',4 instances in Ep 295.
134.0,251.0,,Weapon Tier,Mythic Weapon,Mystic Weapon,'Mythic Weapon' → 'Mystic Weapon',36 instances across 15 episodes. Tier 3 per Ep 70 standard.
135.0,261.0,,Weapon Tier,Spiritual Weapon,Spirit Weapon,'Spiritual Weapon' → 'Spirit Weapon',10 instances across 7 episodes. Tier 2 per Ep 70 standard.
136.0,291.0,,Entity Name,Azure Dragon,Cobalt Dragon,'Azure Dragon' → 'Cobalt Dragon',"28 instances across Eps 291, 296, 298-300. Localization drift."
137.0,256.0,,Terminology,Attunement Method,Cultivation Method,'Attunement Method' → 'Cultivation Method',"3 instances in Eps 256, 269."
138.0,292.0,,Character Name,Rory,Ethan,'Rory' → 'Ethan',"2 instances in Eps 292, 298. Draft name."
139.0,253.0,,Cultivation Term,Second Stage of the Adept Realm,Grade Two of the Adept Realm,'Stage' → 'Grade',20 instances across 11 episodes. QC Guide specifies 'Grade X Adept.'
140.0,295.0,,Cultivation Term,Consummate Stage,Consummation,'Consummate Stage' → 'Consummation',1 instance in Ep 295.
141.0,284.0,,Weapon Name,Streamer Sword,Streamer,'Streamer Sword' → 'Streamer',9 instances across 4 episodes. Named 'Streamer' in Eps 201-250.
142.0,253.0,15.0,Typo,Soul Ream,Soul Realm,Missing letter,Typo.
143.0,253.0,18.0,Typo,Master Waren,Master Warren,Missing letter,Typo.
144.0,291.0,18.0,Typo,swriling,swirling,Transposed letters,Typo.
145.0,293.0,164.0,Typo,Jaspser,Jasper,Extra letter,Typo.
146.0,256.0,42.0,Formatting,[MUSIC: TENSE CONTEMPLATIVE},[MUSIC: TENSE CONTEMPLATIVE],Wrong bracket,Curly brace should be square bracket.
147.0,273.0,,Title Typo,The Protogé,The Protégé,Misspelled accent,Title typo.
148.0,274.0,,Title Typo,A Killer's MIndset,A Killer's Mindset,Errant capital I,Title typo.
149.0,277.0,,Title Term,The Voice in the Aether,The Voice in the Vitality,'Aether' in title,Terminology.
150.0,301.0,,Terminology,Azure Dragon,Cobalt Dragon,'Azure Dragon' → 'Cobalt Dragon',"8 instances across Eps 301-303, 348. Entity in Zane's consciousness. 'Azure Dragon Effigy' preserved."
151.0,301.0,,Terminology,Aether (standalone),Vitality,'Aether' → 'Vitality',"37 instances across 16 episodes (304, 309-313, 320-321, 328, 330, 339, 341, 343, 346, 349-350). 'Aether Crystal' preserved. Includes 'Supreme Aether crystals' → 'Supreme Vitality crystals' and 'Green Aether' → 'Green Vitality'."
152.0,301.0,,Terminology,Mythic Weapon,Mystic Weapon,'Mythic Weapon' → 'Mystic Weapon',"27 instances across 10 episodes (303, 313, 316, 319, 321-323, 329, 346). Includes 'Mythic-grade' → 'Mystic-grade', 'Mythic swords' → 'Mystic swords', 'Mythic blades' → 'Mystic blades', 'Mythic Class' → 'Mystic Class'."
153.0,301.0,,Cultivation Term,Second/Third Stage of the Adept Realm,Grade Two/Three of the Adept Realm,'Xth Stage' → 'Grade X',"8 instances across 6 episodes (301, 306, 310, 326, 338, 340)."
154.0,329.0,,Character Name,Byron,Bryson,'Byron' → 'Bryson',4 instances in Ep 329. Name swap error mid-episode.
155.0,326.0,25.0,Stray Text,death.EP 328,death.,Removed stray 'EP 328',Episode marker embedded in paragraph text. Likely copy/paste artifact.
156.0,301.0,,Terminology,Attunement Method,Cultivation Method,'Attunement Method' → 'Cultivation Method',"6 instances across 4 episodes (302, 310, 331, 335). 'Attunement room/sanctum/chamber' preserved (accepted terminology)."
157.0,301.0,,Terminology,Streamer Sword / Streamer sword,Streamer,'Streamer Sword' → 'Streamer',"4 instances across 3 episodes (301, 315, 322)."
158.0,316.0,,Weapon Tier,Spirit-Forged / Spirit-Class / Arcane-Class,Spirit Weapon / Mysterious Weapon,Non-standard tier names → standard,"12 instances across 4 episodes (316, 329, 330, 342). 'Arcane-Class' mapped to 'Mysterious Weapon' (Tier 1). 'Spirit-Forged' and 'Spirit-Class' mapped to 'Spirit Weapon' (Tier 2)."
159.0,312.0,,Weapon Tier,Spiritual Weapon,Spirit Weapon,'Spiritual Weapon' → 'Spirit Weapon',1 instance in Ep 312.
160.0,323.0,12.0,Typo/Grammar,would transcend skyrocket,would skyrocket,Garbled sentence,Removed extraneous 'transcend' before 'skyrocket'.
161.0,331.0,90.0,Typo,Skkyreach Sect,Skyreach Sect,Double 'k' typo,Typo in proper noun.
162.0,340.0,43.0,Typo,barehande,barehanded,Missing 'd',Typo.
163.0,344.0,,Typo,MIsty Peak,Misty Peak,Capitalization error,"2 instances in Ep 344 (lines 73, 78)."
164.0,345.0,54.0,Typo,tocapture,to capture,Missing space,Typo.
165.0,"352, 353, 363, 365, 368, 369, 384, 386, 387, 388, 389, 391, 392, 395, 398",,Terminology,Aether (standalone),Vitality,"""Aether"" → ""Vitality""","Standalone ""Aether"" corrected to ""Vitality."" 46 instances across 16 episodes. ""Aether Crystal"" preserved (4 instances)."
166.0,387,,Terminology/Variant,Shadow Aether (x2),Shadow Vitality,"""Shadow Aether"" → ""Shadow Vitality""",2 instances corrected in Ep 387.
167.0,"357, 358, 392",,Terminology/Variant,supreme Aether crystals,Supreme Vitality crystals,"""supreme Aether crystals"" → ""Supreme Vitality crystals""","6 instances corrected across Eps 357 (3), 358 (1), 392 (2)."
168.0,"390, 391, 394, 399",,Entity Name,Azure Dragon,Cobalt Dragon,"""Azure Dragon"" → ""Cobalt Dragon""","18 instances corrected: Ep 390 (5), 391 (2), 394 (5), 399 (7). All refer to entity in Zane's consciousness."
169.0,"355, 376",,Weapon/Item Name,Mythic weapon / Mythic weapons,Mystic Weapon / Mystic Weapons,"""Mythic"" → ""Mystic"" (weapon tier)","4 instances corrected: Ep 355 (2), Ep 376 (2). Weapon tier name reconciled to Ep 70 standard."
170.0,"357, 360, 368, 383",,Weapon/Item Name,Spirit-Forged Weapon / spirit-forged weapon,Spirit Weapon,"""Spirit-Forged"" → ""Spirit Weapon""",4 instances corrected across 4 episodes. Weapon tier name reconciled to Ep 70 standard.
171.0,"363, 377",,Weapon/Item Name,Spiritual Weapon,Spirit Weapon,"""Spiritual Weapon"" → ""Spirit Weapon""",2 instances corrected. Weapon tier name reconciled to Ep 70 standard.
172.0,"363, 368, 378, 379, 380, 399",,Terminology,attunement method / Attunement Method,Cultivation Method,"""Attunement Method"" → ""Cultivation Method""",6 instances corrected across 6 episodes.
173.0,"363, 365, 372, 374, 376, 381, 383",,Cultivation Level,Third Stage of the Adept Realm / Third Stage Adept,Grade Three of the Adept Realm / Grade Three Adept,"""Third Stage"" → ""Grade Three"" (Adept)",8 instances corrected across 7 episodes. All refer to Zane's level.
174.0,351-400 (all),,Formatting,** ** (stray markdown artifact),(removed),Removed ~340 stray markdown artifacts,"Pipeline issue. ""** **"" appeared at paragraph starts in every episode."
175.0,354.0,49.0,Grammar,had bought only three disciples,had brought only three disciples,"""bought"" → ""brought""","Grammar error: ""bought"" should be ""brought."""
176.0,357.0,13.0,Character Name,Alastair,Alistair,"""Alastair"" → ""Alistair""","Spelling inconsistency: character introduced as ""Alistair Mahoney"" in Ep 355. 3 instances of ""Alastair"" in Ep 357 corrected."
177.0,398.0,45.0,Typo,guessL,guess:,"""guessL"" → ""guess:""",Typo.
178.0,355.0,73.0,Typo,IF so,If so,"""IF"" → ""If""",Stray capitalization.
179.0,387.0,,Episode Title,Ep 387 - So Much Aether,Ep 387 - So Much Vitality,"Title: ""Aether"" → ""Vitality""",Episode title corrected per standalone Aether → Vitality rule. File renamed.
180.0,358.0,,Episode Title/Formatting,# Ep 358- Wasteland,# Ep 358 - Wasteland,Title format: added space before dash,Non-standard title format corrected. File renamed from Ep_358-_ to Ep_358_-_.
181.0,360.0,7.0,Character Introduction,"""Lady Sigmund, should I""","""Lady Sigmund, leader of the Luminous Sect, should I""",Added affiliation descriptor,Character introduction standard: Lady Sigmund had no descriptor at first appearance.
182.0,362.0,31.0,Character Introduction,"""...Adler sneered.""","""...sneered Adler, one of the top disciples of the Duskfall Sect and a third-place finisher in The Crimson Crucible.""",Added affiliation and rank descriptor,Character introduction standard: Adler had no descriptor at first appearance.
183.0,385.0,89.0,Character Introduction,"""Randy's eyes darted around cautiously...""","""Randy, a disciple from the Duskfall Sect, trailed cautiously...""",Added affiliation descriptor,Character introduction standard: Randy had no descriptor at first appearance.
184.0,ALL,,Policy Change,Mystic Weapon (Tier 3),Mythic Weapon (Tier 3),"""Mystic"" → ""Mythic"" for Tier 3 weapons","POLICY CHANGE: Effective Ep 451+, the Tier 3 weapon name is 'Mythic Weapon' (not 'Mystic Weapon'). 'Mythic' was the original localized term. Previous corrections that changed 'Mythic' to 'Mystic' in Eps 201-450 are now superseded. Do NOT correct 'Mythic Weapon' in future episodes. 'Mythic-grade' is also now CORRECT. Note: 106 instances of Mythic→Mystic were applied across Eps 201-400; 4 additional in Eps 401-450. These corrections are now reversed in policy."
185.0,401-450,,Policy Reversal,Mystic Weapon / Mystic-grade (applied in QC),Mythic Weapon / Mythic-grade (restored),Reversed Mystic→Mythic corrections in Eps 401-450,"The 4 instances of Mythic→Mystic applied during Eps 401-450 QC (Eps 412, 415) should be reversed. 'Mythic' is now the canonical Tier 3 term."
1056.0,"451, 453, 455, 462, 476, 478, 480, 483, 484, 487, 488, 491",,Terminology,Aether (standalone),Vitality,"""Aether"" → ""Vitality"" (17 instances)",Standalone Aether corrected per QC guide. Aether Crystal preserved.
1057.0,"460, 466, 475, 476, 477, 479, 482, 489, 496, 497, 498",,Entity Name,Azure Dragon,Cobalt Dragon,"""Azure Dragon"" → ""Cobalt Dragon"" (23 instances)",Entity name corrected per QC guide. Azure Dragon Effigy preserved.
1058.0,"462, 482, 484, 488, 489",,Terminology,Attunement Method(s),Cultivation Method(s),"""Attunement Method"" → ""Cultivation Method"" (5 instances)",Terminology corrected per QC guide.
1059.0,"485, 499",,Weapon Tier,Mystic Weapon(s),Mythic Weapon(s),"""Mystic"" → ""Mythic"" (2 instances)",Deprecated term corrected per policy change.
1060.0,479,,Terminology,refiners (people context),cultivators,"""refiners"" → ""cultivators"" (2 instances)",People context corrected per QC guide.
1061.0,479,,Weapon Tier,Spiritual Weapon,Spirit Weapon,"""Spiritual Weapon"" → ""Spirit Weapon"" (1 instance)",Weapon tier name corrected per QC guide.
1062.0,483,,Character Name,Dawson Zhao,Dawson Jones,"""Dawson Zhao"" → ""Dawson Jones"" (2 instances)","Name swap corrected. ""Dawson Jones"" is the introduced name."
1063.0,"463, 496",,Character Name,Eddie,Marilyn / Maddox,"""Eddie"" → ""Marilyn"" (Ep 463), ""Maddox"" (Ep 496)",Draft name / confusion with Eddy Warrick. Corrected to intended character.
1064.0,455,,Pronoun Error,She was right to be skeptical (Raven),He was right to be skeptical,"Raven pronoun: ""She"" → ""He""",Raven is consistently male elsewhere.
1065.0,495,,Character Name,Zane (in Benson vs Eden fight),Benson,"""Zane"" → ""Benson"" (~8 instances in combat)",Critical name swap. Fight was announced as Eden vs Benson.
1066.0,453,,Terminology,Spirit-Tribulation Stage,Spirit-Tribulation Realm,"""Stage"" → ""Realm""",Consistent with realm naming convention.
1067.0,483,,Location Name,Chaotic Astral Ocean,Chaotic Ocean of Stars,Name standardized,"Consistent with Ep 457, 460, 484."
1068.0,484,,Character Title,Divine Traveller,Divine Walker,Title standardized,Consistent with Ep 483 introduction.
1069.0,487,,Organization Name,Cloud Hall (in Ethereal Spirit Sect context),the Ethereal Spirit Sect,Org name corrected,Text error: paragraph about ESS rules referenced Cloud Hall.
1070.0,"457, 493",,Organization Name,Void Spirit Sect / Heavenly Soul Banner,Ethereal Spirit Sect / Soul Flag,Org and weapon name standardized,Same organization referred to by two names. Standardized.
1071.0,453,,Character Introduction,Lady Darkmere (no intro),Introduction added,"Added name, affiliation, cultivation, specialty",Leader of Bloodwood Cliff. Spirit-Tribulation Realm. Glamour specialist.
1072.0,453,,Character Introduction,Raven (no intro),Introduction added,"Added name, affiliation, sect",Leader of Black Mountain Order. Fourth-grade sect.
1073.0,481,,Character Introduction,Marilyn (no context),Introduction added,"Added affiliation, cultivation, Violet-Core Physique, motive",Context for Zane's kill target added at first sighting.
1074.0,487,,Character Introduction,Xander (no intro),Introduction added,Added authority role,Holds authority over ESS disciples present.
1075.0,451-500 (all),,Formatting,"""** **"" markdown artifacts",Removed,~330 instances removed,Pipeline formatting issue. Same as Eps 351-400.
1076.0,"477, 488, 498",,Formatting,Missing word count header,Word count header added,"Added standard ""Word count:"" line",Consistency with all other episodes.
