Name,Type,Episodes,Notes / Warnings
House Lowell,Noble house,1+,Zane's family. Use 'House' not 'Family'
House Warrick,Noble house,89+,Adrian and Caleb's family
House Fane,Noble house,41+,Chris and Joe Fane
Legacy Houses,Collective term,"28, 29, 42, 93, 96, 98",NOT 'Legacy Families'
Skyreach Sect,Organization,28+,Main martial sect
Infernal Peak,Location,"87, 88",Mountain/training ground
Dragon's Keep,Location,"65, 77, 85",Where Diabolic Duo was killed
The Sunbelt,Location,"61, 63",Razorwing swarm territory
Misty Peak,Location,"58, 80",Sect division — Liam Shaw's affiliation. Always SINGULAR (not 'Misty Peaks').
Skycruiser,Vehicle,"62, 64, 75","NOT 'Armored Skycruiser,' 'Armored Sky-carrier,' or 'Sky-carrier.'"
Diabolic Duo,Villain pair,"77, 83, 85",Graves & Roman Stryker. NOT 'Twin Reapers'
Blackout Division,Military unit,67,Enemy unit — captains found among Razorwing dead
Emerald Task Force,Military unit,71,Shane's unit — DIFFERENT from Blackout Division
Maiden's Peak,Sect division,115,Exclusively female cultivators.
Sky Forest,Location,110+,Demon-infested forest. Skyreach Sect mission target.
Silverspire,Military outpost,122+,Strongest outpost in The Crucible. Imperial army base.
The Crucible,Region,122+,War zone between humans and demons.
Dragon Valley,Location,146
House Blackwood,Noble house,"59, 80, 96–99, 101–102+","Dustin, Corbin, Ingrid."
House Solomon,Noble house,"117, 124",Helen's family. Weaponsmithing house.
House Pauling,Noble house,149–150,Great Houses. Walsh and Leon.
Four Dreadlords,Demon leadership,132+,Four elite demons. Includes Aldrich (Netherlord) and Orion (Dreadlord).
Elysian Keep,Location,155–165,"Ancient keep with trials. Saul is guardian. Contains imperial vault, Tronson spear, Tapestry of Sun Moon and Stars."
Emberfin Lake,Location,179–188,Heavy Water training ground. Skyreach Sect. Steward Carter manages access.
Falcon's Perch,Location,190+,Training peak adjacent to Misty Peak. Climbing wall challenges.
Silvermere Spire,Location,189,Saints' sanctuary within the Skyreach Sect. Saint Augustus and Saint Viana reside here.
Sunspire Peak,Location,187+,Fourth-ranked peak. House Brandt territory.
Eagle Peak,Location,196+,Peak where Yates Moon trains. Inner disciple territory.
House Moon,Noble house (declining),177–200,"Declining noble house. Ethan and Yates's family. James Moon is current head. Was a Great House, now in decline."
Alba Imperia,Location,208,"City explored by Zane, Ethan, Ingrid, and friends."
Blackrock Peak,Sect division,235–250,Mack's peak. Known for array specialists.
Azure Peak,Sect division,235,Langdon's peak.
Ninety-Foot Peak,Sect division,239,Lady Hawkins's peak.
Sea Peak,Sect division,240,York's peak.
Thirty-Three Peaks,Collective,235+,The divisions of the Skyreach Sect. All participate in All Peaks Competition.
Seven-Star Platform,Training location,222–226,Wave-based combat training arena within the Skyreach Sect.
Array of Corporeal Brilliance,Magic array,246,Designed by Master Robert for Blackrock Peak outer disciples. Body tempering array.
House Solomon,Noble house,"117, 124, 203",Weaponsmithing house. Famous for needle and concealed weapons masters. Ingrid's extended circle.
Vulture Peak,Sect peak,270+,One of the Thirty-Three Peaks. Home of some competitors.
Shadow Group,Organization,270+,Skyreach Sect's secretive assassin division. Johanson is a member.
Cloud Hall,Organization,270+,Higher organization above the Skyreach Sect. 'Core disciple' rank used (unique to Cloud Hall).
Demon Night,Faction/Race,299-300,Non-human entities introduced in Eps 299-300. The Cobalt Dragon describes them. New content.
Castermere County,Location,326-337,"Zane's home region. Seat of House Lowell. Five powerful families: Hawthorne, Stone, Carter, Hill, Blackwood. Zane returns for revenge in Eps 326+."
Lowell Manor,Location,326-335,Ancestral home of House Lowell. Bryson's seat of power. Blood Prisoner kept in cellar. Zane reclaims it.
Silversun Hall,Location,338-344,"Prince Ray's grand hall. Setting for banquets, political maneuvering, and fight challenges."
Imperial Palace,Location,344-349,Royal residence. Isla under house arrest here. Zane infiltrates to rescue her.
Crescent Building,Location,335-337,Building in Castermere County where the five lords conspire against Zane.
House Hawthorne,House/Family,327-337,Most powerful family in Castermere County. Lord Chuck. Son Darcy killed by Zane. Rose to power by absorbing House Lowell's wealth.
House Stone,House/Family,335-337,Second most powerful in Castermere County. Lord Ford killed Zane's father Milo. Ford forced to compensate and punished.
House Carter,House/Family,336-337,One of five powerful Castermere County families. Seized Lowell property after Milo's death.
House Hill,House/Family,336-337,One of five powerful Castermere County families.
Seven-Star Platform,Training location,350,Finn's training location at the Skyreach Sect. Refines swordplay and builds raw strength.
Cloud Road,Trial dimension,352-400,"Multi-stage trial dimension opened by Cloud Hall for new disciples. Tests Weaponsmithing skills and combat. Contains: Sea of Raging Fire, cliff challenges, Hidden Tests, Death Road, Thrilling Icy Plain, Sixth-Grade Sect ruins. Entered via gateway powered by Supreme Vitality crystals."
Sea of Raging Fire,Cloud Road zone,360-397,"Major zone within the Cloud Road. Lava sea with stone pillars. Contains Red Fire Snakes, inferno rays, and rising lava tides. Multiple platforms serve as rest points."
Death Road,Cloud Road hidden trial,380-400,"Hidden trial within the Cloud Road. Far more dangerous than the Life Road. Contains separate dimensional spaces accessed via energy vortexes. Home to Nether Phantoms, Sky-Reavers, Karmafire, and the Drake puppet. Only the bravest disciples attempt it."
Thrilling Icy Plain,Cloud Road zone,397,Fourth stage of the Cloud Road. Icy terrain. Frank defeats three opponents here.
Sixth-Grade Sect Ruins,Cloud Road location,396-400,"Hidden island within the Death Road. Blood-red enchanted barrier. Contains stone terrace, main hall, herbal garden, treasure storage. Guarded by the Drake puppet and Fiery Dragon Spirit. Tia and Zane explore together."
Crimson Sect,Sect (Grade Two),354-367,"Grade Two sect under Cloud Hall, based in the Heartlands. Led by Eddy Warrick. Stronger than Skyreach Sect due to Heartlands resources. Disciples wear crimson robes. Their competition is The Crimson Crucible."
Duskfall Sect,Sect,359-386,Sect participating in the Cloud Road Trial. Adler and Randy are members. Adler placed third in The Crimson Crucible.
Luminous Sect,Sect (Grade Two),359-385,Grade Two sect under Cloud Hall. Led by Lady Sigmund. Lois is a top disciple. Connected to Frank via Lois's betrothal.
Providence Sect,Sect,359-374,Sect participating in the Cloud Road Trial. Lewis Bailey is their star pupil. Their Leader is present at the Scrying Slate.
The Crimson Crucible,Competition,355-363,"The Crimson Sect's equivalent of the Skyreach Sect's All Peaks Competition. Alistair placed first, Adler placed third."
World Merchants' Guild,Organization (neutral),455-500,"Most powerful neutral force in Heartlands. On par with sixth-grade sect. Controls 70% of vitality mines, 80% of commerce. Three Alliance Chiefs: Kieran, Hobbes, Burns. Hosts Martial Tournament. NOT ""Void Spirit Sect."""
Ethereal Spirit Sect,Organization (fifth-grade),454-500,"Most powerful sect in Heartlands. Fifth-grade. Septuplets are core members. Brent is saint/divine-level. NOT ""Ethereal Spirit Order"" or ""Void Spirit Sect."" Possesses Soul Flag (Relic-Class)."
Bloodwood Cliff,Organization (fourth-grade),453-500,"Fourth-grade sect led by Lady Darkmere. Dark arts, forbidden techniques. Soul-Killing Poisoned Blood."
Black Mountain Order,Organization (fourth-grade),453-487,"Fourth-grade sect led by Raven. NOT ""Black Mountain Sect."" Canonical name: Black Mountain Order."
Mysterious Luna Hall,Organization (fourth-grade),451-484,"Fourth-grade sect. Led by Elder Luna (~976 years old). Oldest sect in region. Vicious, cruel fighting style. Neither Righteous nor Evil Faction."
Quarryheart Sect,Organization (third-grade),474-480,Third-grade sect. Located near supreme Aether crystal mine. Wealthy.
Dragonfall Palace,Organization (upper world),458-498,Dragon-blooded organization in the upper world. Issues standard Relic-Class equipment. Zane belongs to it as a dragon-blood.
Oracle City,Location,451-500,Major city in the Heartlands. Location of Dragon Soar Arena and Martial Tournament. World Merchants' Guild headquarters.
Dragon Soar Arena,Location/Artifact,451-458,Ancient arena connecting to the Upper World. Relocated to Oracle City. Only Zane can activate its teleportation array. Grand prize of Martial Tournament.
Martial Tournament,Event,458-500,Decennial tournament hosted by World Merchants' Guild. Dragon Soar Arena is the grand prize. No rules against killing. Pre-qualifying matches required for non-sect fighters.
Sacred Mount Lodestone,Location,460,Mountain deep within the Chaotic Ocean of Stars. Origin of the lodestone test material.
Serenity Palace,Location (historical),492,Destroyed palace in the Arctic Lands. Holy Maiden's former seat. Source of the Heavenly Feather Crown.
Celestial Tomb of Vesper,Location (sealed),483,Immortal's resting place. Requires nine Enchanted Lamps to open. Treasure inside. Tia and Kieran each have a lamp.
Fleecy Downs,Location,475,Training area where Owen discovered a treasure hoard from an extinct order.
Union of Seven Divine Kingdoms,Historical faction,"457, 492",Ancient alliance that fought the Dragon-blooded. Three kingdoms destroyed by True Dragon's breath. Four survive today.
Chaotic Ocean of Stars,Location,"457, 460, 483-484","Vast, dangerous realm. Sacred Mount Lodestone located here. NOT ""Chaotic Astral Ocean."""
