Technique Name,Type,Episodes,Notes
Purple Flash Fist,Martial art,"2, 6, 11, 51, 89",House Lowell signature technique
Shadow Fist,Martial art,"11, 14, 15, 16, 25, 46, 48, 56, 89"
Godforge Technique,Cultivation,"4, 14"
Titan Strike,Technique,"51, 52, 92, 93, 94, 95"
Thunderstrike,Technique,56
Divine Thunder,Technique,"57, 58"
Sacred Lunge,Technique,80
Deadly Bloom,Technique,91
Crimson Haze,Technique,94
Violet Pulse,Technique,95
Eclipse Haze,Technique,75
Earthshatter,Titan Strike variant,127,Advanced form of Titan Strike.
Psyche Spike,Technique,138,Pale-yellow thorn from forehead. Disrupts concentration.
Sacred Flame,Demon ability,134+,Netherlord Aldrich's signature. Severs spirit connections.
Soul Duel,Combat type,137,Battle of Life Force between cultivators.
Magic Ward,Technique,129+,Yolande Shaw's specialty. Translucent barrier boxes.
Icy Seal,Ice technique,187,Bob's ice immobilization technique. Traps opponent in ice.
Chillwater Drops,Ice technique,185–186,Bob's ranged ice attack. Thousands of compressed water droplets.
Willow Spear Art,Cultivation Method,199,Yates Moon's Tier Four Cultivation Method. NOT 'Willow Leaf Spear Art' or 'Attunement Method'.
Vibration Technique,Technique,"182, 200",Learned from Murlocs. Used for underwater speed and disarming opponents.
Shadow Vitality,Technique,180–181,Zane's shadow-element Vitality manipulation. Used underwater. NOT 'Shadow Aether'.
Creeping Blight Venom,Poison technique,235,Benjamin's poison. Creates toxic gas orbs.
Three Strikes of Bloody Hell,Combat technique,236,Benjamin's scarlet machete technique.
Slender Sword Intent,Sword mastery,225–226,Zane achieves this at Seven-Star Platform. Projects cutting energy.
Basic Swordsmanship (Advanced),Sword style,226,Zane describes studying an advanced form that transcends ordinary swordsmanship.
Array of Thirteen Kills,Glyph/Combat,254-260+,Richard's signature technique. Calligraphic combat array.
Hymn of Justice,Glyph/Combat,259-260,Richard's technique. Calligraphic attack.
Feather Pricks,Combat,252+,Tracy's technique. Used with Stiletto Hairpins.
Golden Razornet,Combat,261-262,Stanley's technique via Gold Flower Fan. Razor-thin golden threads.
Reaper's Chop,Combat,258+,Wynn's signature machete technique. Skytop Peak.
Deathly Canticle(s),Combat/Dark,270+,Johanson's technique(s). Shadow Group assassination art.
Shadow Phantom(s),Combat/Shadow,270+,Johanson's shadow clone technique. Creates combat duplicates.
Eternal Cycle,Combat/Philosophy,280+,Evan/Patrick's technique or concept. Related to Cosmos philosophy.
Lotus Scriptures,Cultivation/Combat,264+,Technique related to lotus-based cultivation.
Monastic Path,Cultivation,275+,Cultivation philosophy or path.
Killing Sword Mountain,Sword technique,298-300+,Advanced sword technique. Zane's progression.
Lethal Intent,Sword mastery,264+,Sword intent beyond Slender Sword Intent.
Doug Drew's Movement Technique,Movement,339-340,Self-created technique by Doug Drew. Mimics a bird — shapes Vitality into claws and wings for extreme speed. Unnamed in text.
Crimson Raptor (unnamed),Movement,339-340,EDITORIAL NOTE: Doug Drew's bird-mimicry technique is unnamed in the source text. Do NOT use 'Crimson Raptor' — that name was erroneously fabricated in QC review.
Double-Pupiled Vision,Innate ability,341-342,Axel's innate ability. Twin pupils in left eye can detect opponent's vulnerabilities. Causes splitting headache. NOT called 'Shatter-Sight' — that name does not appear in text.
Blood Prisoner Technique,Dark cultivation,328-333,"Forbidden cultivation method. Drains victims. Requires consuming human flesh and blood. Transforms body (skinless, blood-colored)."
Immovable Guardian Palm,Spiritual technique,306-307,Patrick's technique. Summons spectral palm of the Immovable Guardian. Patrick is reincarnation of the Immovable Guardian.
Extreme Thunder Sword Intent,Sword technique,305-307,Finn's evolved technique combining Celestial Blade with power of thunder. Mastered after Sword Tempering Pool.
Spatial Laws,Innate perception,353-400,Zane gains insight into Spatial Laws after exposure to a voidstorm in Ep 352-353. Allows him to perceive exact dimensions and spatial properties. Extremely rare ability.
Mystical Pace,Movement technique,360,Movement technique identified by Toby Dillon when watching Zane navigate the Cloud Road. Related to Spatial Law perception.
Accomplished Sword Intent,Sword mastery,355-363,Alistair Mahoney's level of sword mastery. Below Apex of Sword Intent. Impressive for his age (19) but surpassed by Finn and Zane.
Streaming Swordsmanship,Sword technique,356,Alistair's combat technique. Creates hypnotic rippling curves in the air.
Formation of the Twelve Signs,Cooperative formation,368-379,Lennon Anderson's signature cooperative technique. Requires all thirteen Cloud Hall disciples. Powers the Scythe of the River-Winds. Even early Inner-Core Realm warriors would struggle against it.
Sky-Breaking Thrust,Spear technique,383,Frank's spear technique. Devastating single-target thrust.
Maelstrom Spear,Spear technique,384,Frank's ultimate move. Creates a swirling vortex from the spear tip that sucks in raw Spear Intent.
Apex of Spear Intent,Spear mastery,384-386,"Frank's highest level of spear mastery. Equivalent of Apex of Sword Intent for spear users. Pure Spear Intent, not Vitality-based."
Burn of the Wyrm,Fire technique,368,Technique used by the young man in white (unidentified Cloud Hall disciple). Creates a spear of flame that incinerates targets.
Sword Step,Movement technique,"356, 390",Movement technique mastered by Finn. Allows rapid directional changes during sword combat.
Shadow Phantoms,Shadow technique,372-387,Lewis Bailey's technique. Creates six identical dark combat duplicates. Used for combat and reconnaissance.
Malevolent Cycle of Life and Death,Cultivation Method (Tier Five),378-400,Tier Five Cultivation Method found in a silver treasure box on the Cloud Road. Secret manuscript from the Blood Fiend Emperor. Related to Malice and the path of slaughter from Killing Sword Mountain. Zane's major reward from Cloud Road.
Corrupt Vitality absorption,Innate ability,387-388,Zane's ability to absorb Vitality from defeated Nether Phantoms via his Shadow Vitality. Creates massive clouds of purple Vitality. Other cultivators cannot safely absorb this much energy.
The Unburdened Blade,Sword technique,465,Advanced basic swordsmanship Zane is refining. Stripping movements to their absolute essence.
Forceful Energy,Body Refining power,478,Signature martial art of the Body Refining path. Generated by refining Nexus Points.
Body Refining (Nexus Points),Cultivation system,478-487,108 Nexus Points to refine. Uses Law Power (flame + lightning). Separate from Vitality cultivation.
Flick the Sword,Sword technique,469,"Concentrated sword energy that bores through exterior and pulses through target's core, fracturing from within."
Traceless Snowstep,Movement technique,484,Dawson Jones's signature. Blinding speed without leaving footprints. Explosive acceleration combat philosophy.
Glamour,Seduction technique,453,Lady Darkmere's specialty. Intoxicating compulsion. Can be woven into laughter. Drains victim's Vitality.
Skull Ghost Hand,Soul attack,469-470,Stoney's technique from the Discipline of Vile Malice. Spectral hand reaches into consciousness to shatter soul from within.
Discipline of Vile Malice,Dark cultivation,469-470,Stoney's martial path. Includes Skull Ghost Hand. Soul-based attack system.
Soul-Killing Poisoned Blood,Forbidden technique,490-491,Bloodwood Cliff forbidden art. Unlocks full potential at cost of devastating injuries. Lady Darkmere applied to Brody.
Blood Flame Hacking,Fire/Blood technique,491,Brody Booth's technique. Scarlet blood flames engulf scimitar blade.
Water Tornado,Water technique,495,Benson's technique. Dragon made of pure water erupts from battle stage.
Wind Barrier,Wind technique,495,Eden's concealment technique. Dissolves body into wind currents. Requires Wind Law mastery.
Goddess Path,Cultivation technique,"453, 458",Cloud Hall's advanced technique. Tia is working to master its final stage.
Six Senses Blocking Method,Cultivation method,482,Shuts down all six senses. Used by Maddox on Elara and another girl to boost power for Soul Harvesting Ritual.
Gresham's Blade Dance,Twin-sword technique,486,Alex Gresham's technique. Cyclone of purple and gold sword intent with dual blades.
Baptism by Laws,Cultivation transformation,497,Transformative process in upper world. Rewrites cultivation potential. Renders compatible with all law refinement. Cobalt Dragon orchestrated.
